customer_id,region_id,start_date,end_date
1,3,02-01-2020,03-01-2020
2,3,03-01-2020,17-01-2020
3,5,27-01-2020,18-02-2020
4,5,07-01-2020,19-01-2020
5,3,15-01-2020,23-01-2020
6,1,11-01-2020,06-02-2020
7,2,20-01-2020,04-02-2020
8,1,15-01-2020,28-01-2020
9,4,21-01-2020,25-01-2020
10,3,13-01-2020,14-01-2020
11,2,19-01-2020,25-01-2020
12,1,13-01-2020,14-01-2020
13,2,02-01-2020,14-01-2020
14,1,25-01-2020,25-01-2020
15,1,25-01-2020,08-02-2020
16,4,13-01-2020,18-01-2020
17,2,19-01-2020,27-01-2020
18,1,17-01-2020,15-02-2020
19,2,17-01-2020,06-02-2020
20,2,18-01-2020,09-02-2020
21,3,12-01-2020,25-01-2020
22,4,19-01-2020,18-02-2020
23,1,21-01-2020,15-02-2020
24,2,26-01-2020,14-02-2020
25,5,28-01-2020,10-02-2020
26,3,17-01-2020,25-01-2020
27,4,01-01-2020,22-01-2020
28,4,20-01-2020,13-02-2020
29,2,19-01-2020,31-01-2020
30,2,26-01-2020,06-02-2020
31,3,06-01-2020,13-01-2020
32,4,12-01-2020,14-01-2020
33,3,24-01-2020,17-02-2020
34,2,30-01-2020,18-02-2020
35,4,17-01-2020,15-02-2020
36,2,30-01-2020,19-02-2020
37,1,29-01-2020,04-02-2020
38,5,21-01-2020,14-02-2020
39,5,22-01-2020,23-01-2020
40,2,21-01-2020,17-02-2020
41,5,30-01-2020,26-02-2020
42,4,11-01-2020,16-01-2020
43,2,28-01-2020,25-02-2020
44,3,19-01-2020,09-02-2020
45,2,14-01-2020,08-02-2020
46,1,23-01-2020,26-01-2020
47,5,22-01-2020,26-01-2020
48,5,01-01-2020,18-01-2020
49,2,04-01-2020,09-01-2020
50,2,29-01-2020,06-02-2020
51,1,20-01-2020,02-02-2020
52,5,12-01-2020,26-01-2020
53,4,24-01-2020,29-01-2020
54,4,09-01-2020,29-01-2020
55,5,25-01-2020,07-02-2020
56,4,18-01-2020,20-01-2020
57,5,06-01-2020,28-01-2020
58,3,11-01-2020,31-01-2020
59,3,20-01-2020,03-02-2020
60,5,19-01-2020,20-01-2020
61,4,21-01-2020,26-01-2020
62,2,16-01-2020,11-02-2020
63,1,06-01-2020,01-02-2020
64,2,08-01-2020,24-01-2020
65,1,26-01-2020,17-02-2020
66,1,16-01-2020,06-02-2020
67,3,22-01-2020,14-02-2020
68,3,20-01-2020,18-02-2020
69,1,10-01-2020,09-02-2020
70,3,08-01-2020,22-01-2020
71,1,14-01-2020,31-01-2020
72,3,20-01-2020,16-02-2020
73,1,06-01-2020,24-01-2020
74,5,13-01-2020,06-02-2020
75,4,22-01-2020,30-01-2020
76,2,04-01-2020,03-02-2020
77,5,08-01-2020,16-01-2020
78,5,28-01-2020,29-01-2020
79,1,29-01-2020,05-02-2020
80,4,25-01-2020,16-02-2020
81,1,25-01-2020,04-02-2020
82,2,09-01-2020,01-02-2020
83,2,09-01-2020,01-02-2020
84,1,23-01-2020,06-02-2020
85,5,11-01-2020,26-01-2020
86,4,03-01-2020,25-01-2020
87,2,13-01-2020,03-02-2020
88,3,12-01-2020,03-02-2020
89,5,25-01-2020,02-02-2020
90,4,19-01-2020,08-02-2020
91,4,11-01-2020,21-01-2020
92,3,05-01-2020,29-01-2020
93,4,11-01-2020,21-01-2020
94,5,01-01-2020,25-01-2020
95,1,03-01-2020,21-01-2020
96,3,03-01-2020,20-01-2020
97,3,04-01-2020,30-01-2020
98,1,15-01-2020,28-01-2020
99,2,08-01-2020,30-01-2020
100,1,06-01-2020,15-01-2020
101,2,12-01-2020,19-01-2020
102,1,26-01-2020,28-01-2020
103,4,07-01-2020,20-01-2020
104,4,25-01-2020,12-02-2020
105,1,07-01-2020,19-01-2020
106,2,24-01-2020,21-02-2020
107,2,13-01-2020,07-02-2020
108,1,30-01-2020,06-02-2020
109,4,01-01-2020,31-01-2020
110,2,01-01-2020,07-01-2020
111,4,28-01-2020,20-02-2020
112,1,08-01-2020,28-01-2020
113,1,21-01-2020,31-01-2020
114,1,19-01-2020,23-01-2020
115,5,29-01-2020,26-02-2020
116,1,28-01-2020,29-01-2020
117,5,15-01-2020,24-01-2020
118,3,03-01-2020,01-02-2020
119,2,17-01-2020,06-02-2020
120,1,23-01-2020,15-02-2020
121,3,01-01-2020,23-01-2020
122,2,29-01-2020,01-02-2020
123,4,16-01-2020,20-01-2020
124,3,01-01-2020,04-01-2020
125,2,04-01-2020,26-01-2020
126,4,21-01-2020,02-02-2020
127,5,17-01-2020,15-02-2020
128,4,26-01-2020,25-02-2020
129,3,12-01-2020,10-02-2020
130,3,02-01-2020,21-01-2020
131,3,10-01-2020,28-01-2020
132,4,10-01-2020,28-01-2020
133,2,10-01-2020,17-01-2020
134,1,08-01-2020,28-01-2020
135,5,09-01-2020,28-01-2020
136,3,11-01-2020,16-01-2020
137,1,06-01-2020,13-01-2020
138,4,11-01-2020,28-01-2020
139,4,10-01-2020,28-01-2020
140,1,26-01-2020,10-02-2020
141,3,15-01-2020,29-01-2020
142,1,16-01-2020,24-01-2020
143,5,29-01-2020,05-02-2020
144,3,14-01-2020,13-02-2020
145,5,02-01-2020,25-01-2020
146,1,05-01-2020,24-01-2020
147,1,15-01-2020,12-02-2020
148,4,12-01-2020,14-01-2020
149,1,13-01-2020,25-01-2020
150,2,04-01-2020,18-01-2020
151,1,10-01-2020,26-01-2020
152,4,01-01-2020,15-01-2020
153,3,18-01-2020,13-02-2020
154,2,15-01-2020,22-01-2020
155,4,10-01-2020,07-02-2020
156,5,24-01-2020,13-02-2020
157,2,06-01-2020,24-01-2020
158,5,18-01-2020,28-01-2020
159,5,04-01-2020,26-01-2020
160,4,17-01-2020,23-01-2020
161,1,08-01-2020,08-01-2020
162,2,10-01-2020,17-01-2020
163,4,14-01-2020,31-01-2020
164,3,10-01-2020,21-01-2020
165,4,23-01-2020,02-02-2020
166,2,22-01-2020,24-01-2020
167,4,30-01-2020,03-02-2020
168,5,13-01-2020,12-02-2020
169,1,10-01-2020,19-01-2020
170,5,14-01-2020,22-01-2020
171,1,17-01-2020,30-01-2020
172,2,12-01-2020,31-01-2020
173,5,14-01-2020,10-02-2020
174,4,11-01-2020,02-02-2020
175,1,14-01-2020,11-02-2020
176,2,26-01-2020,23-02-2020
177,3,20-01-2020,05-02-2020
178,1,23-01-2020,22-02-2020
179,4,05-01-2020,03-02-2020
180,1,09-01-2020,19-01-2020
181,4,13-01-2020,04-02-2020
182,3,08-01-2020,22-01-2020
183,2,22-01-2020,04-02-2020
184,2,27-01-2020,03-02-2020
185,5,29-01-2020,27-02-2020
186,2,17-01-2020,25-01-2020
187,1,26-01-2020,31-01-2020
188,1,13-01-2020,07-02-2020
189,4,11-01-2020,15-01-2020
190,5,26-01-2020,18-02-2020
191,5,16-01-2020,21-01-2020
192,5,20-01-2020,26-01-2020
193,5,12-01-2020,25-01-2020
194,4,28-01-2020,25-02-2020
195,4,19-01-2020,07-02-2020
196,5,13-01-2020,09-02-2020
197,2,22-01-2020,02-02-2020
198,3,17-01-2020,08-02-2020
199,2,20-01-2020,30-01-2020
200,1,29-01-2020,09-02-2020
201,4,02-01-2020,18-01-2020
202,2,06-01-2020,17-01-2020
203,5,06-01-2020,17-01-2020
204,1,28-01-2020,30-01-2020
205,2,02-01-2020,19-01-2020
206,2,09-01-2020,12-01-2020
207,4,26-01-2020,09-02-2020
208,2,19-01-2020,24-01-2020
209,4,23-01-2020,30-01-2020
210,5,19-01-2020,27-01-2020
211,1,19-01-2020,12-02-2020
212,2,02-01-2020,01-02-2020
213,3,17-01-2020,22-01-2020
214,2,14-01-2020,24-01-2020
215,2,27-01-2020,11-02-2020
216,3,04-01-2020,12-01-2020
217,1,08-01-2020,14-01-2020
218,5,29-01-2020,22-02-2020
219,2,06-01-2020,15-01-2020
220,2,21-01-2020,08-02-2020
221,4,06-01-2020,31-01-2020
222,1,11-01-2020,16-01-2020
223,4,11-01-2020,28-01-2020
224,2,21-01-2020,03-02-2020
225,3,10-01-2020,01-02-2020
226,2,11-01-2020,26-01-2020
227,1,07-01-2020,11-01-2020
228,4,10-01-2020,08-02-2020
229,5,23-01-2020,24-01-2020
230,3,21-01-2020,10-02-2020
231,3,20-01-2020,03-02-2020
232,4,02-01-2020,17-01-2020
233,2,03-01-2020,28-01-2020
234,2,03-01-2020,24-01-2020
235,1,07-01-2020,08-01-2020
236,4,27-01-2020,18-02-2020
237,1,16-01-2020,23-01-2020
238,4,18-01-2020,06-02-2020
239,4,18-01-2020,22-01-2020
240,2,10-01-2020,03-02-2020
241,4,01-01-2020,24-01-2020
242,3,20-01-2020,16-02-2020
243,1,01-01-2020,03-01-2020
244,1,27-01-2020,22-02-2020
245,3,30-01-2020,13-02-2020
246,1,29-01-2020,13-02-2020
247,3,01-01-2020,11-01-2020
248,4,24-01-2020,17-02-2020
249,5,14-01-2020,09-02-2020
250,3,25-01-2020,31-01-2020
251,2,09-01-2020,10-01-2020
252,4,26-01-2020,06-02-2020
253,4,29-01-2020,23-02-2020
254,1,05-01-2020,14-01-2020
255,4,14-01-2020,29-01-2020
256,3,26-01-2020,10-02-2020
257,5,20-01-2020,10-02-2020
258,1,25-01-2020,31-01-2020
259,2,04-01-2020,05-01-2020
260,4,26-01-2020,17-02-2020
261,2,25-01-2020,07-02-2020
262,3,04-01-2020,13-01-2020
263,2,16-01-2020,16-01-2020
264,4,16-01-2020,31-01-2020
265,1,08-01-2020,28-01-2020
266,3,17-01-2020,04-02-2020
267,3,19-01-2020,24-01-2020
268,4,11-01-2020,12-01-2020
269,5,14-01-2020,30-01-2020
270,4,16-01-2020,24-01-2020
271,3,08-01-2020,16-01-2020
272,2,11-01-2020,16-01-2020
273,2,19-01-2020,05-02-2020
274,1,02-01-2020,14-01-2020
275,2,28-01-2020,28-01-2020
276,1,07-01-2020,10-01-2020
277,1,27-01-2020,23-02-2020
278,1,26-01-2020,03-02-2020
279,4,13-01-2020,30-01-2020
280,2,03-01-2020,24-01-2020
281,2,06-01-2020,07-01-2020
282,1,24-01-2020,21-02-2020
283,1,05-01-2020,31-01-2020
284,1,30-01-2020,29-02-2020
285,3,22-01-2020,04-02-2020
286,4,02-01-2020,03-01-2020
287,1,22-01-2020,05-02-2020
288,4,13-01-2020,27-01-2020
289,3,28-01-2020,27-02-2020
290,4,15-01-2020,17-01-2020
291,5,20-01-2020,01-02-2020
292,1,10-01-2020,02-02-2020
293,5,15-01-2020,22-01-2020
294,2,12-01-2020,02-02-2020
295,2,26-01-2020,27-01-2020
296,5,13-01-2020,17-01-2020
297,1,25-01-2020,02-02-2020
298,4,16-01-2020,07-02-2020
299,3,13-01-2020,08-02-2020
300,2,21-01-2020,11-02-2020
301,3,20-01-2020,02-02-2020
302,1,27-01-2020,12-02-2020
303,1,18-01-2020,09-02-2020
304,5,16-01-2020,10-02-2020
305,1,09-01-2020,08-02-2020
306,4,27-01-2020,10-02-2020
307,5,14-01-2020,27-01-2020
308,3,14-01-2020,17-01-2020
309,5,13-01-2020,06-02-2020
310,5,20-01-2020,13-02-2020
311,3,17-01-2020,21-01-2020
312,5,20-01-2020,07-02-2020
313,3,29-01-2020,24-02-2020
314,1,26-01-2020,30-01-2020
315,3,22-01-2020,05-02-2020
316,4,23-01-2020,07-02-2020
317,2,11-01-2020,22-01-2020
318,4,06-01-2020,16-01-2020
319,1,06-01-2020,07-01-2020
320,3,10-01-2020,23-01-2020
321,3,24-01-2020,04-02-2020
322,5,05-01-2020,24-01-2020
323,1,21-01-2020,17-02-2020
324,1,04-01-2020,02-02-2020
325,2,27-01-2020,04-02-2020
326,4,12-01-2020,06-02-2020
327,5,14-01-2020,03-02-2020
328,3,22-01-2020,12-02-2020
329,5,07-01-2020,16-01-2020
330,5,26-01-2020,27-01-2020
331,5,17-01-2020,20-01-2020
332,5,27-01-2020,15-02-2020
333,5,08-01-2020,29-01-2020
334,2,15-01-2020,29-01-2020
335,2,14-01-2020,22-01-2020
336,2,16-01-2020,30-01-2020
337,3,12-01-2020,06-02-2020
338,3,17-01-2020,09-02-2020
339,2,10-01-2020,23-01-2020
340,4,06-01-2020,25-01-2020
341,5,26-01-2020,15-02-2020
342,1,25-01-2020,26-01-2020
343,2,01-01-2020,22-01-2020
344,1,07-01-2020,26-01-2020
345,4,01-01-2020,02-01-2020
346,4,21-01-2020,12-02-2020
347,1,04-01-2020,02-02-2020
348,3,22-01-2020,29-01-2020
349,3,17-01-2020,28-01-2020
350,2,13-01-2020,17-01-2020
351,3,03-01-2020,16-01-2020
352,5,21-01-2020,07-02-2020
353,3,01-01-2020,06-01-2020
354,5,23-01-2020,19-02-2020
355,3,21-01-2020,16-02-2020
356,5,11-01-2020,21-01-2020
357,4,20-01-2020,17-02-2020
358,3,15-01-2020,22-01-2020
359,2,09-01-2020,23-01-2020
360,5,16-01-2020,23-01-2020
361,5,12-01-2020,10-02-2020
362,5,28-01-2020,17-02-2020
363,5,06-01-2020,09-01-2020
364,4,10-01-2020,07-02-2020
365,2,25-01-2020,26-01-2020
366,2,21-01-2020,10-02-2020
367,3,29-01-2020,25-02-2020
368,1,17-01-2020,07-02-2020
369,4,25-01-2020,13-02-2020
370,5,13-01-2020,07-02-2020
371,5,21-01-2020,11-02-2020
372,2,02-01-2020,15-01-2020
373,5,18-01-2020,10-02-2020
374,2,08-01-2020,23-01-2020
375,1,19-01-2020,22-01-2020
376,5,03-01-2020,17-01-2020
377,4,18-01-2020,17-02-2020
378,2,07-01-2020,18-01-2020
379,5,12-01-2020,28-01-2020
380,1,03-01-2020,18-01-2020
381,1,28-01-2020,08-02-2020
382,4,03-01-2020,07-01-2020
383,2,26-01-2020,22-02-2020
384,3,12-01-2020,12-01-2020
385,2,15-01-2020,07-02-2020
386,1,26-01-2020,02-02-2020
387,1,22-01-2020,25-01-2020
388,3,09-01-2020,03-02-2020
389,4,04-01-2020,19-01-2020
390,2,15-01-2020,22-01-2020
391,3,15-01-2020,12-02-2020
392,2,29-01-2020,29-01-2020
393,2,17-01-2020,05-02-2020
394,4,04-01-2020,30-01-2020
395,1,14-01-2020,05-02-2020
396,3,01-01-2020,24-01-2020
397,4,06-01-2020,30-01-2020
398,3,01-01-2020,27-01-2020
399,3,13-01-2020,23-01-2020
400,4,24-01-2020,28-01-2020
401,1,03-01-2020,11-01-2020
402,2,05-01-2020,09-01-2020
403,3,13-01-2020,11-02-2020
404,5,02-01-2020,12-01-2020
405,4,04-01-2020,19-01-2020
406,5,26-01-2020,02-02-2020
407,3,14-01-2020,06-02-2020
408,5,21-01-2020,25-01-2020
409,5,22-01-2020,09-02-2020
410,2,07-01-2020,10-01-2020
411,2,27-01-2020,12-02-2020
412,4,01-01-2020,23-01-2020
413,3,26-01-2020,01-02-2020
414,1,08-01-2020,09-01-2020
415,5,07-01-2020,05-02-2020
416,1,16-01-2020,07-02-2020
417,1,04-01-2020,05-01-2020
418,1,07-01-2020,17-01-2020
419,1,11-01-2020,16-01-2020
420,2,24-01-2020,12-02-2020
421,3,09-01-2020,26-01-2020
422,1,25-01-2020,05-02-2020
423,4,18-01-2020,07-02-2020
424,1,12-01-2020,05-02-2020
425,3,09-01-2020,18-01-2020
426,1,15-01-2020,08-02-2020
427,4,22-01-2020,19-02-2020
428,2,15-01-2020,20-01-2020
429,5,21-01-2020,28-01-2020
430,2,20-01-2020,23-01-2020
431,3,11-01-2020,26-01-2020
432,1,26-01-2020,31-01-2020
433,4,15-01-2020,14-02-2020
434,5,14-01-2020,04-02-2020
435,3,01-01-2020,09-01-2020
436,3,05-01-2020,09-01-2020
437,1,05-01-2020,28-01-2020
438,4,01-01-2020,28-01-2020
439,3,26-01-2020,24-02-2020
440,5,03-01-2020,02-02-2020
441,4,12-01-2020,23-01-2020
442,1,26-01-2020,09-02-2020
443,2,28-01-2020,06-02-2020
444,3,10-01-2020,15-01-2020
445,2,25-01-2020,14-02-2020
446,3,15-01-2020,13-02-2020
447,5,03-01-2020,08-01-2020
448,3,30-01-2020,14-02-2020
449,3,06-01-2020,20-01-2020
450,3,11-01-2020,08-02-2020
451,1,30-01-2020,14-02-2020
452,2,01-01-2020,20-01-2020
453,1,25-01-2020,08-02-2020
454,2,08-01-2020,06-02-2020
455,1,07-01-2020,10-01-2020
456,2,07-01-2020,22-01-2020
457,1,23-01-2020,11-02-2020
458,4,04-01-2020,23-01-2020
459,3,13-01-2020,16-01-2020
460,3,29-01-2020,03-02-2020
461,1,01-01-2020,30-01-2020
462,1,26-01-2020,13-02-2020
463,4,21-01-2020,11-02-2020
464,1,17-01-2020,13-02-2020
465,4,28-01-2020,05-02-2020
466,1,17-01-2020,26-01-2020
467,3,19-01-2020,06-02-2020
468,4,25-01-2020,06-02-2020
469,2,17-01-2020,31-01-2020
470,3,08-01-2020,19-01-2020
471,2,13-01-2020,26-01-2020
472,4,18-01-2020,04-02-2020
473,5,17-01-2020,15-02-2020
474,3,02-01-2020,14-01-2020
475,2,03-01-2020,10-01-2020
476,3,27-01-2020,26-02-2020
477,3,04-01-2020,09-01-2020
478,3,08-01-2020,03-02-2020
479,3,23-01-2020,26-01-2020
480,2,29-01-2020,23-02-2020
481,1,02-01-2020,29-01-2020
482,3,01-01-2020,29-01-2020
483,5,18-01-2020,28-01-2020
484,3,28-01-2020,13-02-2020
485,2,03-01-2020,23-01-2020
486,3,11-01-2020,19-01-2020
487,3,15-01-2020,03-02-2020
488,5,08-01-2020,15-01-2020
489,4,15-01-2020,08-02-2020
490,5,23-01-2020,31-01-2020
491,3,08-01-2020,23-01-2020
492,1,05-01-2020,18-01-2020
493,4,15-01-2020,22-01-2020
494,5,20-01-2020,07-02-2020
495,5,17-01-2020,25-01-2020
496,3,06-01-2020,09-01-2020
497,5,30-01-2020,27-02-2020
498,1,19-01-2020,24-01-2020
499,5,02-01-2020,04-01-2020
500,2,16-01-2020,31-01-2020
1,3,04-01-2020,14-01-2020
2,3,18-01-2020,09-02-2020
3,5,19-02-2020,06-03-2020
4,5,20-01-2020,13-02-2020
5,3,24-01-2020,30-01-2020
6,1,07-02-2020,29-02-2020
7,2,05-02-2020,20-02-2020
8,1,29-01-2020,12-02-2020
9,4,26-01-2020,03-02-2020
10,3,15-01-2020,30-01-2020
11,2,26-01-2020,30-01-2020
12,1,15-01-2020,17-01-2020
13,2,15-01-2020,24-01-2020
14,1,26-01-2020,04-02-2020
15,1,09-02-2020,23-02-2020
16,4,19-01-2020,16-02-2020
17,2,28-01-2020,23-02-2020
18,1,16-02-2020,19-02-2020
19,2,07-02-2020,15-02-2020
20,2,10-02-2020,10-03-2020
21,3,26-01-2020,22-02-2020
22,4,19-02-2020,21-02-2020
23,1,16-02-2020,12-03-2020
24,2,15-02-2020,06-03-2020
25,5,11-02-2020,16-02-2020
26,3,26-01-2020,17-02-2020
27,4,23-01-2020,25-01-2020
28,4,14-02-2020,20-02-2020
29,2,01-02-2020,17-02-2020
30,2,07-02-2020,26-02-2020
31,3,14-01-2020,12-02-2020
32,4,15-01-2020,07-02-2020
33,3,18-02-2020,05-03-2020
34,2,19-02-2020,25-02-2020
35,4,16-02-2020,08-03-2020
36,2,20-02-2020,25-02-2020
37,1,05-02-2020,24-02-2020
38,5,15-02-2020,21-02-2020
39,5,24-01-2020,26-01-2020
40,2,18-02-2020,21-02-2020
41,5,27-02-2020,23-03-2020
42,4,17-01-2020,03-02-2020
43,2,26-02-2020,02-03-2020
44,3,10-02-2020,20-02-2020
45,2,09-02-2020,29-02-2020
46,1,27-01-2020,16-02-2020
47,5,27-01-2020,28-01-2020
48,5,19-01-2020,01-02-2020
49,2,10-01-2020,01-02-2020
50,2,07-02-2020,25-02-2020
51,1,03-02-2020,16-02-2020
52,5,27-01-2020,02-02-2020
53,4,30-01-2020,01-02-2020
54,4,30-01-2020,21-02-2020
55,5,08-02-2020,18-02-2020
56,4,21-01-2020,23-01-2020
57,5,29-01-2020,27-02-2020
58,3,01-02-2020,17-02-2020
59,3,04-02-2020,03-03-2020
60,5,21-01-2020,22-01-2020
61,4,27-01-2020,03-02-2020
62,2,12-02-2020,26-02-2020
63,1,02-02-2020,17-02-2020
64,2,25-01-2020,05-02-2020
65,1,18-02-2020,27-02-2020
66,1,07-02-2020,25-02-2020
67,3,15-02-2020,22-02-2020
68,3,19-02-2020,09-03-2020
69,1,10-02-2020,02-03-2020
70,3,23-01-2020,06-02-2020
71,1,01-02-2020,09-02-2020
72,3,17-02-2020,01-03-2020
73,1,25-01-2020,22-02-2020
74,5,07-02-2020,12-02-2020
75,4,31-01-2020,01-02-2020
76,2,04-02-2020,27-02-2020
77,5,17-01-2020,03-02-2020
78,5,30-01-2020,14-02-2020
79,1,06-02-2020,23-02-2020
80,4,17-02-2020,04-03-2020
81,1,05-02-2020,05-03-2020
82,2,02-02-2020,07-02-2020
83,2,02-02-2020,25-02-2020
84,1,07-02-2020,11-02-2020
85,5,27-01-2020,23-02-2020
86,4,26-01-2020,07-02-2020
87,2,04-02-2020,17-02-2020
88,3,04-02-2020,23-02-2020
89,5,03-02-2020,14-02-2020
90,4,09-02-2020,22-02-2020
91,4,22-01-2020,17-02-2020
92,3,30-01-2020,16-02-2020
93,4,22-01-2020,28-01-2020
94,5,26-01-2020,20-02-2020
95,1,22-01-2020,15-02-2020
96,3,21-01-2020,03-02-2020
97,3,31-01-2020,07-02-2020
98,1,29-01-2020,31-01-2020
99,2,31-01-2020,15-02-2020
100,1,16-01-2020,22-01-2020
101,2,20-01-2020,27-01-2020
102,1,29-01-2020,15-02-2020
103,4,21-01-2020,16-02-2020
104,4,13-02-2020,24-02-2020
105,1,20-01-2020,24-01-2020
106,2,22-02-2020,22-03-2020
107,2,08-02-2020,22-02-2020
108,1,07-02-2020,10-02-2020
109,4,01-02-2020,22-02-2020
110,2,08-01-2020,04-02-2020
111,4,21-02-2020,10-03-2020
112,1,29-01-2020,01-02-2020
113,1,01-02-2020,19-02-2020
114,1,24-01-2020,27-01-2020
115,5,27-02-2020,19-03-2020
116,1,30-01-2020,15-02-2020
117,5,25-01-2020,01-02-2020
118,3,02-02-2020,21-02-2020
119,2,07-02-2020,06-03-2020
120,1,16-02-2020,03-03-2020
121,3,24-01-2020,24-01-2020
122,2,02-02-2020,02-02-2020
123,4,21-01-2020,19-02-2020
124,3,05-01-2020,03-02-2020
125,2,27-01-2020,06-02-2020
126,4,03-02-2020,21-02-2020
127,5,16-02-2020,23-02-2020
128,4,26-02-2020,15-03-2020
129,3,11-02-2020,11-03-2020
130,3,22-01-2020,26-01-2020
131,3,29-01-2020,12-02-2020
132,4,29-01-2020,06-02-2020
133,2,18-01-2020,09-02-2020
134,1,29-01-2020,27-02-2020
135,5,29-01-2020,07-02-2020
136,3,17-01-2020,15-02-2020
137,1,14-01-2020,07-02-2020
138,4,29-01-2020,08-02-2020
139,4,29-01-2020,04-02-2020
140,1,11-02-2020,11-03-2020
141,3,30-01-2020,05-02-2020
142,1,25-01-2020,30-01-2020
143,5,06-02-2020,17-02-2020
144,3,14-02-2020,08-03-2020
145,5,26-01-2020,08-02-2020
146,1,25-01-2020,18-02-2020
147,1,13-02-2020,09-03-2020
148,4,15-01-2020,25-01-2020
149,1,26-01-2020,10-02-2020
150,2,19-01-2020,14-02-2020
151,1,27-01-2020,06-02-2020
152,4,16-01-2020,02-02-2020
153,3,14-02-2020,19-02-2020
154,2,23-01-2020,19-02-2020
155,4,08-02-2020,04-03-2020
156,5,14-02-2020,29-02-2020
157,2,25-01-2020,04-02-2020
158,5,29-01-2020,29-01-2020
159,5,27-01-2020,25-02-2020
160,4,24-01-2020,26-01-2020
161,1,09-01-2020,20-01-2020
162,2,18-01-2020,06-02-2020
163,4,01-02-2020,12-02-2020
164,3,22-01-2020,06-02-2020
165,4,03-02-2020,11-02-2020
166,2,25-01-2020,19-02-2020
167,4,04-02-2020,24-02-2020
168,5,13-02-2020,13-03-2020
169,1,20-01-2020,16-02-2020
170,5,23-01-2020,06-02-2020
171,1,31-01-2020,22-02-2020
172,2,01-02-2020,11-02-2020
173,5,11-02-2020,16-02-2020
174,4,03-02-2020,17-02-2020
175,1,12-02-2020,09-03-2020
176,2,24-02-2020,23-03-2020
177,3,06-02-2020,26-02-2020
178,1,23-02-2020,14-03-2020
179,4,04-02-2020,12-02-2020
180,1,20-01-2020,30-01-2020
181,4,05-02-2020,17-02-2020
182,3,23-01-2020,02-02-2020
183,2,05-02-2020,03-03-2020
184,2,04-02-2020,21-02-2020
185,5,28-02-2020,16-03-2020
186,2,26-01-2020,20-02-2020
187,1,01-02-2020,25-02-2020
188,1,08-02-2020,15-02-2020
189,4,16-01-2020,16-01-2020
190,5,19-02-2020,13-03-2020
191,5,22-01-2020,10-02-2020
192,5,27-01-2020,03-02-2020
193,5,26-01-2020,13-02-2020
194,4,26-02-2020,27-02-2020
195,4,08-02-2020,11-02-2020
196,5,10-02-2020,15-02-2020
197,2,03-02-2020,21-02-2020
198,3,09-02-2020,22-02-2020
199,2,31-01-2020,17-02-2020
200,1,10-02-2020,27-02-2020
201,4,19-01-2020,25-01-2020
202,2,18-01-2020,23-01-2020
203,5,18-01-2020,23-01-2020
204,1,31-01-2020,31-01-2020
205,2,20-01-2020,11-02-2020
206,2,13-01-2020,27-01-2020
207,4,10-02-2020,15-02-2020
208,2,25-01-2020,25-01-2020
209,4,31-01-2020,18-02-2020
210,5,28-01-2020,17-02-2020
211,1,13-02-2020,22-02-2020
212,2,02-02-2020,28-02-2020
213,3,23-01-2020,10-02-2020
214,2,25-01-2020,25-01-2020
215,2,12-02-2020,28-02-2020
216,3,13-01-2020,05-02-2020
217,1,15-01-2020,09-02-2020
218,5,23-02-2020,19-03-2020
219,2,16-01-2020,02-02-2020
220,2,09-02-2020,19-02-2020
221,4,01-02-2020,25-02-2020
222,1,17-01-2020,30-01-2020
223,4,29-01-2020,09-02-2020
224,2,04-02-2020,21-02-2020
225,3,02-02-2020,24-02-2020
226,2,27-01-2020,25-02-2020
227,1,12-01-2020,16-01-2020
228,4,09-02-2020,26-02-2020
229,5,25-01-2020,13-02-2020
230,3,11-02-2020,06-03-2020
231,3,04-02-2020,17-02-2020
232,4,18-01-2020,08-02-2020
233,2,29-01-2020,10-02-2020
234,2,25-01-2020,09-02-2020
235,1,09-01-2020,20-01-2020
236,4,19-02-2020,27-02-2020
237,1,24-01-2020,01-02-2020
238,4,07-02-2020,15-02-2020
239,4,23-01-2020,19-02-2020
240,2,04-02-2020,27-02-2020
241,4,25-01-2020,26-01-2020
242,3,17-02-2020,09-03-2020
243,1,04-01-2020,17-01-2020
244,1,23-02-2020,25-02-2020
245,3,14-02-2020,11-03-2020
246,1,14-02-2020,13-03-2020
247,3,12-01-2020,23-01-2020
248,4,18-02-2020,06-03-2020
249,5,10-02-2020,22-02-2020
250,3,01-02-2020,19-02-2020
251,2,11-01-2020,03-02-2020
252,4,07-02-2020,16-02-2020
253,4,24-02-2020,21-03-2020
254,1,15-01-2020,16-01-2020
255,4,30-01-2020,23-02-2020
256,3,11-02-2020,01-03-2020
257,5,11-02-2020,27-02-2020
258,1,01-02-2020,29-02-2020
259,2,06-01-2020,23-01-2020
260,4,18-02-2020,09-03-2020
261,2,08-02-2020,08-03-2020
262,3,14-01-2020,01-02-2020
263,2,17-01-2020,13-02-2020
264,4,01-02-2020,10-02-2020
265,1,29-01-2020,23-02-2020
266,3,05-02-2020,05-03-2020
267,3,25-01-2020,06-02-2020
268,4,13-01-2020,16-01-2020
269,5,31-01-2020,23-02-2020
270,4,25-01-2020,16-02-2020
271,3,17-01-2020,22-01-2020
272,2,17-01-2020,20-01-2020
273,2,06-02-2020,18-02-2020
274,1,15-01-2020,12-02-2020
275,2,29-01-2020,15-02-2020
276,1,11-01-2020,15-01-2020
277,1,24-02-2020,02-03-2020
278,1,04-02-2020,26-02-2020
279,4,31-01-2020,08-02-2020
280,2,25-01-2020,13-02-2020
281,2,08-01-2020,06-02-2020
282,1,22-02-2020,29-02-2020
283,1,01-02-2020,08-02-2020
284,1,01-03-2020,28-03-2020
285,3,05-02-2020,03-03-2020
286,4,04-01-2020,31-01-2020
287,1,06-02-2020,28-02-2020
288,4,28-01-2020,06-02-2020
289,3,28-02-2020,11-03-2020
290,4,18-01-2020,29-01-2020
291,5,02-02-2020,17-02-2020
292,1,03-02-2020,10-02-2020
293,5,23-01-2020,21-02-2020
294,2,03-02-2020,13-02-2020
295,2,28-01-2020,20-02-2020
296,5,18-01-2020,19-01-2020
297,1,03-02-2020,11-02-2020
298,4,08-02-2020,04-03-2020
299,3,09-02-2020,12-02-2020
300,2,12-02-2020,24-02-2020
301,3,03-02-2020,27-02-2020
302,1,13-02-2020,13-03-2020
303,1,10-02-2020,26-02-2020
304,5,11-02-2020,06-03-2020
305,1,09-02-2020,27-02-2020
306,4,11-02-2020,22-02-2020
307,5,28-01-2020,12-02-2020
308,3,18-01-2020,12-02-2020
309,5,07-02-2020,26-02-2020
310,5,14-02-2020,27-02-2020
311,3,22-01-2020,10-02-2020
312,5,08-02-2020,08-02-2020
313,3,25-02-2020,14-03-2020
314,1,31-01-2020,07-02-2020
315,3,06-02-2020,10-02-2020
316,4,08-02-2020,01-03-2020
317,2,23-01-2020,11-02-2020
318,4,17-01-2020,10-02-2020
319,1,08-01-2020,24-01-2020
320,3,24-01-2020,06-02-2020
321,3,05-02-2020,23-02-2020
322,5,25-01-2020,19-02-2020
323,1,18-02-2020,03-03-2020
324,1,03-02-2020,01-03-2020
325,2,05-02-2020,03-03-2020
326,4,07-02-2020,03-03-2020
327,5,04-02-2020,24-02-2020
328,3,13-02-2020,14-02-2020
329,5,17-01-2020,14-02-2020
330,5,28-01-2020,16-02-2020
331,5,21-01-2020,23-01-2020
332,5,16-02-2020,28-02-2020
333,5,30-01-2020,05-02-2020
334,2,30-01-2020,28-02-2020
335,2,23-01-2020,31-01-2020
336,2,31-01-2020,31-01-2020
337,3,07-02-2020,28-02-2020
338,3,10-02-2020,05-03-2020
339,2,24-01-2020,08-02-2020
340,4,26-01-2020,11-02-2020
341,5,16-02-2020,07-03-2020
342,1,27-01-2020,12-02-2020
343,2,23-01-2020,12-02-2020
344,1,27-01-2020,18-02-2020
345,4,03-01-2020,24-01-2020
346,4,13-02-2020,04-03-2020
347,1,03-02-2020,16-02-2020
348,3,30-01-2020,17-02-2020
349,3,29-01-2020,10-02-2020
350,2,18-01-2020,25-01-2020
351,3,17-01-2020,26-01-2020
352,5,08-02-2020,29-02-2020
353,3,07-01-2020,01-02-2020
354,5,20-02-2020,11-03-2020
355,3,17-02-2020,06-03-2020
356,5,22-01-2020,12-02-2020
357,4,18-02-2020,23-02-2020
358,3,23-01-2020,17-02-2020
359,2,24-01-2020,12-02-2020
360,5,24-01-2020,26-01-2020
361,5,11-02-2020,06-03-2020
362,5,18-02-2020,19-02-2020
363,5,10-01-2020,30-01-2020
364,4,08-02-2020,25-02-2020
365,2,27-01-2020,12-02-2020
366,2,11-02-2020,02-03-2020
367,3,26-02-2020,26-02-2020
368,1,08-02-2020,20-02-2020
369,4,14-02-2020,20-02-2020
370,5,08-02-2020,07-03-2020
371,5,12-02-2020,25-02-2020
372,2,16-01-2020,19-01-2020
373,5,11-02-2020,01-03-2020
374,2,24-01-2020,31-01-2020
375,1,23-01-2020,11-02-2020
376,5,18-01-2020,01-02-2020
377,4,18-02-2020,14-03-2020
378,2,19-01-2020,07-02-2020
379,5,29-01-2020,23-02-2020
380,1,19-01-2020,16-02-2020
381,1,09-02-2020,10-02-2020
382,4,08-01-2020,10-01-2020
383,2,23-02-2020,21-03-2020
384,3,13-01-2020,29-01-2020
385,2,08-02-2020,08-03-2020
386,1,03-02-2020,20-02-2020
387,1,26-01-2020,03-02-2020
388,3,04-02-2020,27-02-2020
389,4,20-01-2020,26-01-2020
390,2,23-01-2020,19-02-2020
391,3,13-02-2020,23-02-2020
392,2,30-01-2020,30-01-2020
393,2,06-02-2020,14-02-2020
394,4,31-01-2020,28-02-2020
395,1,06-02-2020,24-02-2020
396,3,25-01-2020,12-02-2020
397,4,31-01-2020,10-02-2020
398,3,28-01-2020,01-02-2020
399,3,24-01-2020,07-02-2020
400,4,29-01-2020,29-01-2020
401,1,12-01-2020,23-01-2020
402,2,10-01-2020,03-02-2020
403,3,12-02-2020,10-03-2020
404,5,13-01-2020,26-01-2020
405,4,20-01-2020,10-02-2020
406,5,03-02-2020,03-02-2020
407,3,07-02-2020,21-02-2020
408,5,26-01-2020,14-02-2020
409,5,10-02-2020,07-03-2020
410,2,11-01-2020,06-02-2020
411,2,13-02-2020,04-03-2020
412,4,24-01-2020,02-02-2020
413,3,02-02-2020,27-02-2020
414,1,10-01-2020,25-01-2020
415,5,06-02-2020,20-02-2020
416,1,08-02-2020,23-02-2020
417,1,06-01-2020,07-01-2020
418,1,18-01-2020,09-02-2020
419,1,17-01-2020,12-02-2020
420,2,13-02-2020,20-02-2020
421,3,27-01-2020,03-02-2020
422,1,06-02-2020,24-02-2020
423,4,08-02-2020,08-02-2020
424,1,06-02-2020,16-02-2020
425,3,19-01-2020,15-02-2020
426,1,09-02-2020,03-03-2020
427,4,20-02-2020,02-03-2020
428,2,21-01-2020,11-02-2020
429,5,29-01-2020,01-02-2020
430,2,24-01-2020,26-01-2020
431,3,27-01-2020,14-02-2020
432,1,01-02-2020,02-02-2020
433,4,15-02-2020,10-03-2020
434,5,05-02-2020,15-02-2020
435,3,10-01-2020,28-01-2020
436,3,10-01-2020,04-02-2020
437,1,29-01-2020,20-02-2020
438,4,29-01-2020,11-02-2020
439,3,25-02-2020,19-03-2020
440,5,03-02-2020,18-02-2020
441,4,24-01-2020,10-02-2020
442,1,10-02-2020,07-03-2020
443,2,07-02-2020,11-02-2020
444,3,16-01-2020,27-01-2020
445,2,15-02-2020,19-02-2020
446,3,14-02-2020,14-03-2020
447,5,09-01-2020,10-01-2020
448,3,15-02-2020,11-03-2020
449,3,21-01-2020,05-02-2020
450,3,09-02-2020,12-02-2020
451,1,15-02-2020,14-03-2020
452,2,21-01-2020,09-02-2020
453,1,09-02-2020,24-02-2020
454,2,07-02-2020,08-02-2020
455,1,11-01-2020,18-01-2020
456,2,23-01-2020,25-01-2020
457,1,12-02-2020,26-02-2020
458,4,24-01-2020,26-01-2020
459,3,17-01-2020,29-01-2020
460,3,04-02-2020,06-02-2020
461,1,31-01-2020,02-02-2020
462,1,14-02-2020,03-03-2020
463,4,12-02-2020,07-03-2020
464,1,14-02-2020,22-02-2020
465,4,06-02-2020,19-02-2020
466,1,27-01-2020,05-02-2020
467,3,07-02-2020,15-02-2020
468,4,07-02-2020,07-02-2020
469,2,01-02-2020,22-02-2020
470,3,20-01-2020,25-01-2020
471,2,27-01-2020,17-02-2020
472,4,05-02-2020,02-03-2020
473,5,16-02-2020,20-02-2020
474,3,15-01-2020,13-02-2020
475,2,11-01-2020,11-01-2020
476,3,27-02-2020,29-02-2020
477,3,10-01-2020,30-01-2020
478,3,04-02-2020,24-02-2020
479,3,27-01-2020,10-02-2020
480,2,24-02-2020,05-03-2020
481,1,30-01-2020,22-02-2020
482,3,30-01-2020,23-02-2020
483,5,29-01-2020,12-02-2020
484,3,14-02-2020,20-02-2020
485,2,24-01-2020,12-02-2020
486,3,20-01-2020,30-01-2020
487,3,04-02-2020,19-02-2020
488,5,16-01-2020,10-02-2020
489,4,09-02-2020,20-02-2020
490,5,01-02-2020,10-02-2020
491,3,24-01-2020,20-02-2020
492,1,19-01-2020,11-02-2020
493,4,23-01-2020,05-02-2020
494,5,08-02-2020,11-02-2020
495,5,26-01-2020,09-02-2020
496,3,10-01-2020,17-01-2020
497,5,28-02-2020,17-03-2020
498,1,25-01-2020,07-02-2020
499,5,05-01-2020,15-01-2020
500,2,01-02-2020,06-02-2020
1,3,15-01-2020,16-01-2020
2,3,10-02-2020,21-02-2020
3,5,07-03-2020,24-03-2020
4,5,14-02-2020,02-03-2020
5,3,31-01-2020,05-02-2020
6,1,01-03-2020,25-03-2020
7,2,21-02-2020,26-02-2020
8,1,13-02-2020,16-02-2020
9,4,04-02-2020,19-02-2020
10,3,31-01-2020,02-02-2020
11,2,31-01-2020,20-02-2020
12,1,18-01-2020,27-01-2020
13,2,25-01-2020,21-02-2020
14,1,05-02-2020,05-02-2020
15,1,24-02-2020,11-03-2020
16,4,17-02-2020,05-03-2020
17,2,24-02-2020,05-03-2020
18,1,20-02-2020,10-03-2020
19,2,16-02-2020,22-02-2020
20,2,11-03-2020,21-03-2020
21,3,23-02-2020,26-02-2020
22,4,22-02-2020,22-02-2020
23,1,13-03-2020,28-03-2020
24,2,07-03-2020,27-03-2020
25,5,17-02-2020,17-03-2020
26,3,18-02-2020,08-03-2020
27,4,26-01-2020,20-02-2020
28,4,21-02-2020,23-02-2020
29,2,18-02-2020,28-02-2020
30,2,27-02-2020,23-03-2020
31,3,13-02-2020,25-02-2020
32,4,08-02-2020,15-02-2020
33,3,06-03-2020,27-03-2020
34,2,26-02-2020,26-02-2020
35,4,09-03-2020,16-03-2020
36,2,26-02-2020,19-03-2020
37,1,25-02-2020,26-02-2020
38,5,22-02-2020,22-02-2020
39,5,27-01-2020,22-02-2020
40,2,22-02-2020,04-03-2020
41,5,24-03-2020,31-03-2020
42,4,04-02-2020,28-02-2020
43,2,03-03-2020,03-03-2020
44,3,21-02-2020,18-03-2020
45,2,01-03-2020,21-03-2020
46,1,17-02-2020,15-03-2020
47,5,29-01-2020,01-02-2020
48,5,02-02-2020,29-02-2020
49,2,02-02-2020,11-02-2020
50,2,26-02-2020,07-03-2020
51,1,17-02-2020,17-02-2020
52,5,03-02-2020,29-02-2020
53,4,02-02-2020,04-02-2020
54,4,22-02-2020,20-03-2020
55,5,19-02-2020,14-03-2020
56,4,24-01-2020,15-02-2020
57,5,28-02-2020,18-03-2020
58,3,18-02-2020,24-02-2020
59,3,04-03-2020,04-03-2020
60,5,23-01-2020,04-02-2020
61,4,04-02-2020,09-02-2020
62,2,27-02-2020,14-03-2020
63,1,18-02-2020,06-03-2020
64,2,06-02-2020,23-02-2020
65,1,28-02-2020,27-03-2020
66,1,26-02-2020,24-03-2020
67,3,23-02-2020,28-02-2020
68,3,10-03-2020,05-04-2020
69,1,03-03-2020,05-03-2020
70,3,07-02-2020,13-02-2020
71,1,10-02-2020,04-03-2020
72,3,02-03-2020,03-03-2020
73,1,23-02-2020,29-02-2020
74,5,13-02-2020,08-03-2020
75,4,02-02-2020,28-02-2020
76,2,28-02-2020,20-03-2020
77,5,04-02-2020,27-02-2020
78,5,15-02-2020,13-03-2020
79,1,24-02-2020,25-02-2020
80,4,05-03-2020,03-04-2020
81,1,06-03-2020,17-03-2020
82,2,08-02-2020,20-02-2020
83,2,26-02-2020,02-03-2020
84,1,12-02-2020,19-02-2020
85,5,24-02-2020,17-03-2020
86,4,08-02-2020,04-03-2020
87,2,18-02-2020,24-02-2020
88,3,24-02-2020,15-03-2020
89,5,15-02-2020,04-03-2020
90,4,23-02-2020,14-03-2020
91,4,18-02-2020,27-02-2020
92,3,17-02-2020,03-03-2020
93,4,29-01-2020,26-02-2020
94,5,21-02-2020,08-03-2020
95,1,16-02-2020,20-02-2020
96,3,04-02-2020,25-02-2020
97,3,08-02-2020,03-03-2020
98,1,01-02-2020,21-02-2020
99,2,16-02-2020,29-02-2020
100,1,23-01-2020,03-02-2020
101,2,28-01-2020,09-02-2020
102,1,16-02-2020,22-02-2020
103,4,17-02-2020,06-03-2020
104,4,25-02-2020,16-03-2020
105,1,25-01-2020,31-01-2020
106,2,23-03-2020,10-04-2020
107,2,23-02-2020,20-03-2020
108,1,11-02-2020,01-03-2020
109,4,23-02-2020,06-03-2020
110,2,05-02-2020,12-02-2020
111,4,11-03-2020,28-03-2020
112,1,02-02-2020,20-02-2020
113,1,20-02-2020,19-03-2020
114,1,28-01-2020,31-01-2020
115,5,20-03-2020,02-04-2020
116,1,16-02-2020,14-03-2020
117,5,02-02-2020,02-03-2020
118,3,22-02-2020,27-02-2020
119,2,07-03-2020,13-03-2020
120,1,04-03-2020,18-03-2020
121,3,25-01-2020,07-02-2020
122,2,03-02-2020,23-02-2020
123,4,20-02-2020,12-03-2020
124,3,04-02-2020,28-02-2020
125,2,07-02-2020,02-03-2020
126,4,22-02-2020,16-03-2020
127,5,24-02-2020,13-03-2020
128,4,16-03-2020,01-04-2020
129,3,12-03-2020,24-03-2020
130,3,27-01-2020,24-02-2020
131,3,13-02-2020,18-02-2020
132,4,07-02-2020,16-02-2020
133,2,10-02-2020,08-03-2020
134,1,28-02-2020,12-03-2020
135,5,08-02-2020,07-03-2020
136,3,16-02-2020,04-03-2020
137,1,08-02-2020,13-02-2020
138,4,09-02-2020,08-03-2020
139,4,05-02-2020,25-02-2020
140,1,12-03-2020,03-04-2020
141,3,06-02-2020,03-03-2020
142,1,31-01-2020,22-02-2020
143,5,18-02-2020,13-03-2020
144,3,09-03-2020,25-03-2020
145,5,09-02-2020,26-02-2020
146,1,19-02-2020,18-03-2020
147,1,10-03-2020,05-04-2020
148,4,26-01-2020,04-02-2020
149,1,11-02-2020,22-02-2020
150,2,15-02-2020,23-02-2020
151,1,07-02-2020,28-02-2020
152,4,03-02-2020,23-02-2020
153,3,20-02-2020,07-03-2020
154,2,20-02-2020,15-03-2020
155,4,05-03-2020,29-03-2020
156,5,01-03-2020,15-03-2020
157,2,05-02-2020,28-02-2020
158,5,30-01-2020,17-02-2020
159,5,26-02-2020,23-03-2020
160,4,27-01-2020,13-02-2020
161,1,21-01-2020,22-01-2020
162,2,07-02-2020,09-02-2020
163,4,13-02-2020,13-02-2020
164,3,07-02-2020,21-02-2020
165,4,12-02-2020,21-02-2020
166,2,20-02-2020,10-03-2020
167,4,25-02-2020,29-02-2020
168,5,14-03-2020,30-03-2020
169,1,17-02-2020,02-03-2020
170,5,07-02-2020,27-02-2020
171,1,23-02-2020,15-03-2020
172,2,12-02-2020,08-03-2020
173,5,17-02-2020,12-03-2020
174,4,18-02-2020,10-03-2020
175,1,10-03-2020,26-03-2020
176,2,24-03-2020,01-04-2020
177,3,27-02-2020,29-02-2020
178,1,15-03-2020,06-04-2020
179,4,13-02-2020,21-02-2020
180,1,31-01-2020,17-02-2020
181,4,18-02-2020,01-03-2020
182,3,03-02-2020,18-02-2020
183,2,04-03-2020,22-03-2020
184,2,22-02-2020,09-03-2020
185,5,17-03-2020,17-03-2020
186,2,21-02-2020,27-02-2020
187,1,26-02-2020,20-03-2020
188,1,16-02-2020,29-02-2020
189,4,17-01-2020,27-01-2020
190,5,14-03-2020,26-03-2020
191,5,11-02-2020,02-03-2020
192,5,04-02-2020,21-02-2020
193,5,14-02-2020,13-03-2020
194,4,28-02-2020,22-03-2020
195,4,12-02-2020,16-02-2020
196,5,16-02-2020,29-02-2020
197,2,22-02-2020,13-03-2020
198,3,23-02-2020,17-03-2020
199,2,18-02-2020,09-03-2020
200,1,28-02-2020,19-03-2020
201,4,26-01-2020,31-01-2020
202,2,24-01-2020,19-02-2020
203,5,24-01-2020,13-02-2020
204,1,01-02-2020,24-02-2020
205,2,12-02-2020,18-02-2020
206,2,28-01-2020,06-02-2020
207,4,16-02-2020,27-02-2020
208,2,26-01-2020,04-02-2020
209,4,19-02-2020,01-03-2020
210,5,18-02-2020,21-02-2020
211,1,23-02-2020,08-03-2020
212,2,29-02-2020,08-03-2020
213,3,11-02-2020,19-02-2020
214,2,26-01-2020,27-01-2020
215,2,29-02-2020,24-03-2020
216,3,06-02-2020,21-02-2020
217,1,10-02-2020,25-02-2020
218,5,20-03-2020,26-03-2020
219,2,03-02-2020,21-02-2020
220,2,20-02-2020,06-03-2020
221,4,26-02-2020,04-03-2020
222,1,31-01-2020,16-02-2020
223,4,10-02-2020,19-02-2020
224,2,22-02-2020,06-03-2020
225,3,25-02-2020,19-03-2020
226,2,26-02-2020,04-03-2020
227,1,17-01-2020,28-01-2020
228,4,27-02-2020,08-03-2020
229,5,14-02-2020,19-02-2020
230,3,07-03-2020,16-03-2020
231,3,18-02-2020,08-03-2020
232,4,09-02-2020,25-02-2020
233,2,11-02-2020,27-02-2020
234,2,10-02-2020,14-02-2020
235,1,21-01-2020,07-02-2020
236,4,28-02-2020,11-03-2020
237,1,02-02-2020,05-02-2020
238,4,16-02-2020,19-02-2020
239,4,20-02-2020,22-02-2020
240,2,28-02-2020,17-03-2020
241,4,27-01-2020,03-02-2020
242,3,10-03-2020,15-03-2020
243,1,18-01-2020,26-01-2020
244,1,26-02-2020,14-03-2020
245,3,12-03-2020,20-03-2020
246,1,14-03-2020,29-03-2020
247,3,24-01-2020,02-02-2020
248,4,07-03-2020,13-03-2020
249,5,23-02-2020,08-03-2020
250,3,20-02-2020,28-02-2020
251,2,04-02-2020,27-02-2020
252,4,17-02-2020,16-03-2020
253,4,22-03-2020,10-04-2020
254,1,17-01-2020,29-01-2020
255,4,24-02-2020,13-03-2020
256,3,02-03-2020,07-03-2020
257,5,28-02-2020,26-03-2020
258,1,01-03-2020,13-03-2020
259,2,24-01-2020,05-02-2020
260,4,10-03-2020,19-03-2020
261,2,09-03-2020,06-04-2020
262,3,02-02-2020,22-02-2020
263,2,14-02-2020,29-02-2020
264,4,11-02-2020,02-03-2020
265,1,24-02-2020,26-02-2020
266,3,06-03-2020,11-03-2020
267,3,07-02-2020,01-03-2020
268,4,17-01-2020,07-02-2020
269,5,24-02-2020,02-03-2020
270,4,17-02-2020,08-03-2020
271,3,23-01-2020,24-01-2020
272,2,21-01-2020,01-02-2020
273,2,19-02-2020,12-03-2020
274,1,13-02-2020,24-02-2020
275,2,16-02-2020,24-02-2020
276,1,16-01-2020,06-02-2020
277,1,03-03-2020,14-03-2020
278,1,27-02-2020,04-03-2020
279,4,09-02-2020,26-02-2020
280,2,14-02-2020,19-02-2020
281,2,07-02-2020,27-02-2020
282,1,01-03-2020,13-03-2020
283,1,09-02-2020,09-03-2020
284,1,29-03-2020,24-04-2020
285,3,04-03-2020,22-03-2020
286,4,01-02-2020,25-02-2020
287,1,29-02-2020,03-03-2020
288,4,07-02-2020,16-02-2020
289,3,12-03-2020,31-03-2020
290,4,30-01-2020,17-02-2020
291,5,18-02-2020,06-03-2020
292,1,11-02-2020,03-03-2020
293,5,22-02-2020,28-02-2020
294,2,14-02-2020,10-03-2020
295,2,21-02-2020,25-02-2020
296,5,20-01-2020,21-01-2020
297,1,12-02-2020,25-02-2020
298,4,05-03-2020,29-03-2020
299,3,13-02-2020,02-03-2020
300,2,25-02-2020,23-03-2020
301,3,28-02-2020,29-02-2020
302,1,14-03-2020,06-04-2020
303,1,27-02-2020,07-03-2020
304,5,07-03-2020,03-04-2020
305,1,28-02-2020,05-03-2020
306,4,23-02-2020,17-03-2020
307,5,13-02-2020,19-02-2020
308,3,13-02-2020,27-02-2020
309,5,27-02-2020,27-02-2020
310,5,28-02-2020,10-03-2020
311,3,11-02-2020,17-02-2020
312,5,09-02-2020,20-02-2020
313,3,15-03-2020,08-04-2020
314,1,08-02-2020,22-02-2020
315,3,11-02-2020,18-02-2020
316,4,02-03-2020,17-03-2020
317,2,12-02-2020,29-02-2020
318,4,11-02-2020,02-03-2020
319,1,25-01-2020,11-02-2020
320,3,07-02-2020,24-02-2020
321,3,24-02-2020,14-03-2020
322,5,20-02-2020,26-02-2020
323,1,04-03-2020,22-03-2020
324,1,02-03-2020,11-03-2020
325,2,04-03-2020,31-03-2020
326,4,04-03-2020,15-03-2020
327,5,25-02-2020,01-03-2020
328,3,15-02-2020,21-02-2020
329,5,15-02-2020,14-03-2020
330,5,17-02-2020,15-03-2020
331,5,24-01-2020,18-02-2020
332,5,29-02-2020,03-03-2020
333,5,06-02-2020,05-03-2020
334,2,29-02-2020,14-03-2020
335,2,01-02-2020,17-02-2020
336,2,01-02-2020,29-02-2020
337,3,29-02-2020,12-03-2020
338,3,06-03-2020,15-03-2020
339,2,09-02-2020,19-02-2020
340,4,12-02-2020,17-02-2020
341,5,08-03-2020,15-03-2020
342,1,13-02-2020,05-03-2020
343,2,13-02-2020,11-03-2020
344,1,19-02-2020,08-03-2020
345,4,25-01-2020,13-02-2020
346,4,05-03-2020,02-04-2020
347,1,17-02-2020,21-02-2020
348,3,18-02-2020,23-02-2020
349,3,11-02-2020,21-02-2020
350,2,26-01-2020,24-02-2020
351,3,27-01-2020,13-02-2020
352,5,01-03-2020,16-03-2020
353,3,02-02-2020,29-02-2020
354,5,12-03-2020,01-04-2020
355,3,07-03-2020,31-03-2020
356,5,13-02-2020,05-03-2020
357,4,24-02-2020,03-03-2020
358,3,18-02-2020,08-03-2020
359,2,13-02-2020,24-02-2020
360,5,27-01-2020,02-02-2020
361,5,07-03-2020,09-03-2020
362,5,20-02-2020,15-03-2020
363,5,31-01-2020,22-02-2020
364,4,26-02-2020,04-03-2020
365,2,13-02-2020,11-03-2020
366,2,03-03-2020,26-03-2020
367,3,27-02-2020,06-03-2020
368,1,21-02-2020,21-03-2020
369,4,21-02-2020,21-02-2020
370,5,08-03-2020,27-03-2020
371,5,26-02-2020,07-03-2020
372,2,20-01-2020,10-02-2020
373,5,02-03-2020,30-03-2020
374,2,01-02-2020,09-02-2020
375,1,12-02-2020,25-02-2020
376,5,02-02-2020,13-02-2020
377,4,15-03-2020,18-03-2020
378,2,08-02-2020,07-03-2020
379,5,24-02-2020,08-03-2020
380,1,17-02-2020,12-03-2020
381,1,11-02-2020,16-02-2020
382,4,11-01-2020,30-01-2020
383,2,22-03-2020,09-04-2020
384,3,30-01-2020,22-02-2020
385,2,09-03-2020,26-03-2020
386,1,21-02-2020,21-03-2020
387,1,04-02-2020,15-02-2020
388,3,28-02-2020,05-03-2020
389,4,27-01-2020,17-02-2020
390,2,20-02-2020,26-02-2020
391,3,24-02-2020,07-03-2020
392,2,31-01-2020,05-02-2020
393,2,15-02-2020,25-02-2020
394,4,29-02-2020,28-03-2020
395,1,25-02-2020,03-03-2020
396,3,13-02-2020,11-03-2020
397,4,11-02-2020,14-02-2020
398,3,02-02-2020,13-02-2020
399,3,08-02-2020,28-02-2020
400,4,30-01-2020,03-02-2020
401,1,24-01-2020,25-01-2020
402,2,04-02-2020,02-03-2020
403,3,11-03-2020,14-03-2020
404,5,27-01-2020,27-01-2020
405,4,11-02-2020,23-02-2020
406,5,04-02-2020,21-02-2020
407,3,22-02-2020,01-03-2020
408,5,15-02-2020,10-03-2020
409,5,08-03-2020,31-03-2020
410,2,07-02-2020,20-02-2020
411,2,05-03-2020,28-03-2020
412,4,03-02-2020,19-02-2020
413,3,28-02-2020,03-03-2020
414,1,26-01-2020,03-02-2020
415,5,21-02-2020,27-02-2020
416,1,24-02-2020,07-03-2020
417,1,08-01-2020,22-01-2020
418,1,10-02-2020,12-02-2020
419,1,13-02-2020,15-02-2020
420,2,21-02-2020,13-03-2020
421,3,04-02-2020,08-02-2020
422,1,25-02-2020,12-03-2020
423,4,09-02-2020,12-02-2020
424,1,17-02-2020,13-03-2020
425,3,16-02-2020,26-02-2020
426,1,04-03-2020,27-03-2020
427,4,03-03-2020,12-03-2020
428,2,12-02-2020,07-03-2020
429,5,02-02-2020,01-03-2020
430,2,27-01-2020,11-02-2020
431,3,15-02-2020,24-02-2020
432,1,03-02-2020,03-02-2020
433,4,11-03-2020,14-03-2020
434,5,16-02-2020,17-02-2020
435,3,29-01-2020,04-02-2020
436,3,05-02-2020,20-02-2020
437,1,21-02-2020,29-02-2020
438,4,12-02-2020,08-03-2020
439,3,20-03-2020,20-03-2020
440,5,19-02-2020,19-02-2020
441,4,11-02-2020,02-03-2020
442,1,08-03-2020,31-03-2020
443,2,12-02-2020,10-03-2020
444,3,28-01-2020,22-02-2020
445,2,20-02-2020,16-03-2020
446,3,15-03-2020,30-03-2020
447,5,11-01-2020,22-01-2020
448,3,12-03-2020,24-03-2020
449,3,06-02-2020,18-02-2020
450,3,13-02-2020,04-03-2020
451,1,15-03-2020,16-03-2020
452,2,10-02-2020,10-02-2020
453,1,25-02-2020,07-03-2020
454,2,09-02-2020,09-03-2020
455,1,19-01-2020,30-01-2020
456,2,26-01-2020,12-02-2020
457,1,27-02-2020,04-03-2020
458,4,27-01-2020,15-02-2020
459,3,30-01-2020,19-02-2020
460,3,07-02-2020,17-02-2020
461,1,03-02-2020,13-02-2020
462,1,04-03-2020,18-03-2020
463,4,08-03-2020,11-03-2020
464,1,23-02-2020,23-03-2020
465,4,20-02-2020,29-02-2020
466,1,06-02-2020,08-02-2020
467,3,16-02-2020,20-02-2020
468,4,08-02-2020,13-02-2020
469,2,23-02-2020,06-03-2020
470,3,26-01-2020,12-02-2020
471,2,18-02-2020,01-03-2020
472,4,03-03-2020,19-03-2020
473,5,21-02-2020,27-02-2020
474,3,14-02-2020,24-02-2020
475,2,12-01-2020,04-02-2020
476,3,01-03-2020,13-03-2020
477,3,31-01-2020,05-02-2020
478,3,25-02-2020,26-02-2020
479,3,11-02-2020,23-02-2020
480,2,06-03-2020,24-03-2020
481,1,23-02-2020,27-02-2020
482,3,24-02-2020,04-03-2020
483,5,13-02-2020,10-03-2020
484,3,21-02-2020,29-02-2020
485,2,13-02-2020,06-03-2020
486,3,31-01-2020,31-01-2020
487,3,20-02-2020,22-02-2020
488,5,11-02-2020,22-02-2020
489,4,21-02-2020,25-02-2020
490,5,11-02-2020,24-02-2020
491,3,21-02-2020,13-03-2020
492,1,12-02-2020,21-02-2020
493,4,06-02-2020,14-02-2020
494,5,12-02-2020,10-03-2020
495,5,10-02-2020,06-03-2020
496,3,18-01-2020,04-02-2020
497,5,18-03-2020,09-04-2020
498,1,08-02-2020,04-03-2020
499,5,16-01-2020,23-01-2020
500,2,07-02-2020,26-02-2020
1,3,17-01-2020,28-01-2020
2,3,22-02-2020,07-03-2020
3,5,25-03-2020,08-04-2020
4,5,03-03-2020,12-03-2020
5,3,06-02-2020,15-02-2020
6,1,26-03-2020,11-04-2020
7,2,27-02-2020,05-03-2020
8,1,17-02-2020,13-03-2020
9,4,20-02-2020,07-03-2020
10,3,03-02-2020,24-02-2020
11,2,21-02-2020,14-03-2020
12,1,28-01-2020,18-02-2020
13,2,22-02-2020,01-03-2020
14,1,06-02-2020,24-02-2020
15,1,12-03-2020,17-03-2020
16,4,06-03-2020,31-03-2020
17,2,06-03-2020,10-03-2020
18,1,11-03-2020,25-03-2020
19,2,23-02-2020,09-03-2020
20,2,22-03-2020,04-04-2020
21,3,27-02-2020,07-03-2020
22,4,23-02-2020,23-03-2020
23,1,29-03-2020,18-04-2020
24,2,28-03-2020,26-04-2020
25,5,18-03-2020,29-03-2020
26,3,09-03-2020,31-03-2020
27,4,21-02-2020,14-03-2020
28,4,24-02-2020,02-03-2020
29,2,29-02-2020,04-03-2020
30,2,24-03-2020,20-04-2020
31,3,26-02-2020,17-03-2020
32,4,16-02-2020,28-02-2020
33,3,28-03-2020,26-04-2020
34,2,27-02-2020,10-03-2020
35,4,17-03-2020,12-04-2020
36,2,20-03-2020,01-04-2020
37,1,27-02-2020,29-02-2020
38,5,23-02-2020,26-02-2020
39,5,23-02-2020,17-03-2020
40,2,05-03-2020,14-03-2020
41,5,01-04-2020,06-04-2020
42,4,29-02-2020,29-03-2020
43,2,04-03-2020,11-03-2020
44,3,19-03-2020,08-04-2020
45,2,22-03-2020,11-04-2020
46,1,16-03-2020,12-04-2020
47,5,02-02-2020,28-02-2020
48,5,01-03-2020,03-03-2020
49,2,12-02-2020,17-02-2020
50,2,08-03-2020,27-03-2020
51,1,18-02-2020,05-03-2020
52,5,01-03-2020,22-03-2020
53,4,05-02-2020,29-02-2020
54,4,21-03-2020,18-04-2020
55,5,15-03-2020,16-03-2020
56,4,16-02-2020,02-03-2020
57,5,19-03-2020,24-03-2020
58,3,25-02-2020,26-02-2020
59,3,05-03-2020,09-03-2020
60,5,05-02-2020,15-02-2020
61,4,10-02-2020,06-03-2020
62,2,15-03-2020,08-04-2020
63,1,07-03-2020,22-03-2020
64,2,24-02-2020,13-03-2020
65,1,28-03-2020,25-04-2020
66,1,25-03-2020,19-04-2020
67,3,29-02-2020,17-03-2020
68,3,06-04-2020,23-04-2020
69,1,06-03-2020,15-03-2020
70,3,14-02-2020,28-02-2020
71,1,05-03-2020,23-03-2020
72,3,04-03-2020,14-03-2020
73,1,01-03-2020,25-03-2020
74,5,09-03-2020,21-03-2020
75,4,29-02-2020,16-03-2020
76,2,21-03-2020,29-03-2020
77,5,28-02-2020,25-03-2020
78,5,14-03-2020,12-04-2020
79,1,26-02-2020,08-03-2020
80,4,04-04-2020,29-04-2020
81,1,18-03-2020,05-04-2020
82,2,21-02-2020,15-03-2020
83,2,03-03-2020,03-03-2020
84,1,20-02-2020,14-03-2020
85,5,18-03-2020,24-03-2020
86,4,05-03-2020,06-03-2020
87,2,25-02-2020,06-03-2020
88,3,16-03-2020,29-03-2020
89,5,05-03-2020,09-03-2020
90,4,15-03-2020,27-03-2020
91,4,28-02-2020,19-03-2020
92,3,04-03-2020,14-03-2020
93,4,27-02-2020,23-03-2020
94,5,09-03-2020,19-03-2020
95,1,21-02-2020,03-03-2020
96,3,26-02-2020,21-03-2020
97,3,04-03-2020,09-03-2020
98,1,22-02-2020,01-03-2020
99,2,01-03-2020,22-03-2020
100,1,04-02-2020,22-02-2020
101,2,10-02-2020,29-02-2020
102,1,23-02-2020,13-03-2020
103,4,07-03-2020,03-04-2020
104,4,17-03-2020,20-03-2020
105,1,01-02-2020,19-02-2020
106,2,11-04-2020,01-05-2020
107,2,21-03-2020,17-04-2020
108,1,02-03-2020,03-03-2020
109,4,07-03-2020,07-03-2020
110,2,13-02-2020,13-02-2020
111,4,29-03-2020,12-04-2020
112,1,21-02-2020,14-03-2020
113,1,20-03-2020,18-04-2020
114,1,01-02-2020,19-02-2020
115,5,03-04-2020,02-05-2020
116,1,15-03-2020,17-03-2020
117,5,03-03-2020,01-04-2020
118,3,28-02-2020,07-03-2020
119,2,14-03-2020,08-04-2020
120,1,19-03-2020,01-04-2020
121,3,08-02-2020,16-02-2020
122,2,24-02-2020,06-03-2020
123,4,13-03-2020,03-04-2020
124,3,29-02-2020,08-03-2020
125,2,03-03-2020,12-03-2020
126,4,17-03-2020,24-03-2020
127,5,14-03-2020,19-03-2020
128,4,02-04-2020,08-04-2020
129,3,25-03-2020,23-04-2020
130,3,25-02-2020,02-03-2020
131,3,19-02-2020,15-03-2020
132,4,17-02-2020,23-02-2020
133,2,09-03-2020,30-03-2020
134,1,13-03-2020,14-03-2020
135,5,08-03-2020,22-03-2020
136,3,05-03-2020,30-03-2020
137,1,14-02-2020,18-02-2020
138,4,09-03-2020,30-03-2020
139,4,26-02-2020,28-02-2020
140,1,04-04-2020,08-04-2020
141,3,04-03-2020,24-03-2020
142,1,23-02-2020,26-02-2020
143,5,14-03-2020,09-04-2020
144,3,26-03-2020,29-03-2020
145,5,27-02-2020,19-03-2020
146,1,19-03-2020,08-04-2020
147,1,06-04-2020,27-04-2020
148,4,05-02-2020,15-02-2020
149,1,23-02-2020,08-03-2020
150,2,24-02-2020,11-03-2020
151,1,29-02-2020,29-02-2020
152,4,24-02-2020,10-03-2020
153,3,08-03-2020,03-04-2020
154,2,16-03-2020,25-03-2020
155,4,30-03-2020,20-04-2020
156,5,16-03-2020,27-03-2020
157,2,29-02-2020,06-03-2020
158,5,18-02-2020,24-02-2020
159,5,24-03-2020,22-04-2020
160,4,14-02-2020,13-03-2020
161,1,23-01-2020,11-02-2020
162,2,10-02-2020,13-02-2020
163,4,14-02-2020,20-02-2020
164,3,22-02-2020,21-03-2020
165,4,22-02-2020,08-03-2020
166,2,11-03-2020,05-04-2020
167,4,01-03-2020,14-03-2020
168,5,31-03-2020,15-04-2020
169,1,03-03-2020,29-03-2020
170,5,28-02-2020,28-02-2020
171,1,16-03-2020,31-03-2020
172,2,09-03-2020,06-04-2020
173,5,13-03-2020,25-03-2020
174,4,11-03-2020,30-03-2020
175,1,27-03-2020,14-04-2020
176,2,02-04-2020,26-04-2020
177,3,01-03-2020,06-03-2020
178,1,07-04-2020,06-05-2020
179,4,22-02-2020,11-03-2020
180,1,18-02-2020,21-02-2020
181,4,02-03-2020,29-03-2020
182,3,19-02-2020,08-03-2020
183,2,23-03-2020,11-04-2020
184,2,10-03-2020,12-03-2020
185,5,18-03-2020,03-04-2020
186,2,28-02-2020,07-03-2020
187,1,21-03-2020,28-03-2020
188,1,01-03-2020,08-03-2020
189,4,28-01-2020,03-02-2020
190,5,27-03-2020,28-03-2020
191,5,03-03-2020,13-03-2020
192,5,22-02-2020,14-03-2020
193,5,14-03-2020,20-03-2020
194,4,23-03-2020,18-04-2020
195,4,17-02-2020,29-02-2020
196,5,01-03-2020,19-03-2020
197,2,14-03-2020,25-03-2020
198,3,18-03-2020,27-03-2020
199,2,10-03-2020,19-03-2020
200,1,20-03-2020,14-04-2020
201,4,01-02-2020,26-02-2020
202,2,20-02-2020,28-02-2020
203,5,14-02-2020,12-03-2020
204,1,25-02-2020,10-03-2020
205,2,19-02-2020,20-02-2020
206,2,07-02-2020,10-02-2020
207,4,28-02-2020,03-03-2020
208,2,05-02-2020,23-02-2020
209,4,02-03-2020,06-03-2020
210,5,22-02-2020,25-02-2020
211,1,09-03-2020,24-03-2020
212,2,09-03-2020,01-04-2020
213,3,20-02-2020,17-03-2020
214,2,28-01-2020,30-01-2020
215,2,25-03-2020,19-04-2020
216,3,22-02-2020,17-03-2020
217,1,26-02-2020,08-03-2020
218,5,27-03-2020,08-04-2020
219,2,22-02-2020,21-03-2020
220,2,07-03-2020,01-04-2020
221,4,05-03-2020,28-03-2020
222,1,17-02-2020,17-03-2020
223,4,20-02-2020,15-03-2020
224,2,07-03-2020,28-03-2020
225,3,20-03-2020,07-04-2020
226,2,05-03-2020,11-03-2020
227,1,29-01-2020,10-02-2020
228,4,09-03-2020,30-03-2020
229,5,20-02-2020,12-03-2020
230,3,17-03-2020,09-04-2020
231,3,09-03-2020,20-03-2020
232,4,26-02-2020,06-03-2020
233,2,28-02-2020,12-03-2020
234,2,15-02-2020,28-02-2020
235,1,08-02-2020,02-03-2020
236,4,12-03-2020,23-03-2020
237,1,06-02-2020,24-02-2020
238,4,20-02-2020,26-02-2020
239,4,23-02-2020,03-03-2020
240,2,18-03-2020,06-04-2020
241,4,04-02-2020,19-02-2020
242,3,16-03-2020,21-03-2020
243,1,27-01-2020,02-02-2020
244,1,15-03-2020,01-04-2020
245,3,21-03-2020,10-04-2020
246,1,30-03-2020,24-04-2020
247,3,03-02-2020,24-02-2020
248,4,14-03-2020,22-03-2020
249,5,09-03-2020,26-03-2020
250,3,29-02-2020,10-03-2020
251,2,28-02-2020,28-02-2020
252,4,17-03-2020,20-03-2020
253,4,11-04-2020,04-05-2020
254,1,30-01-2020,12-02-2020
255,4,14-03-2020,01-04-2020
256,3,08-03-2020,28-03-2020
257,5,27-03-2020,24-04-2020
258,1,14-03-2020,01-04-2020
259,2,06-02-2020,22-02-2020
260,4,20-03-2020,25-03-2020
261,2,07-04-2020,16-04-2020
262,3,23-02-2020,03-03-2020
263,2,01-03-2020,05-03-2020
264,4,03-03-2020,26-03-2020
265,1,27-02-2020,13-03-2020
266,3,12-03-2020,30-03-2020
267,3,02-03-2020,16-03-2020
268,4,08-02-2020,03-03-2020
269,5,03-03-2020,13-03-2020
270,4,09-03-2020,10-03-2020
271,3,25-01-2020,14-02-2020
272,2,02-02-2020,04-02-2020
273,2,13-03-2020,21-03-2020
274,1,25-02-2020,13-03-2020
275,2,25-02-2020,01-03-2020
276,1,07-02-2020,14-02-2020
277,1,15-03-2020,28-03-2020
278,1,05-03-2020,23-03-2020
279,4,27-02-2020,15-03-2020
280,2,20-02-2020,20-03-2020
281,2,28-02-2020,03-03-2020
282,1,14-03-2020,16-03-2020
283,1,10-03-2020,28-03-2020
284,1,25-04-2020,14-05-2020
285,3,23-03-2020,18-04-2020
286,4,26-02-2020,25-03-2020
287,1,04-03-2020,23-03-2020
288,4,17-02-2020,25-02-2020
289,3,01-04-2020,05-04-2020
290,4,18-02-2020,01-03-2020
291,5,07-03-2020,04-04-2020
292,1,04-03-2020,19-03-2020
293,5,29-02-2020,26-03-2020
294,2,11-03-2020,19-03-2020
295,2,26-02-2020,03-03-2020
296,5,22-01-2020,23-01-2020
297,1,26-02-2020,24-03-2020
298,4,30-03-2020,16-04-2020
299,3,03-03-2020,18-03-2020
300,2,24-03-2020,21-04-2020
301,3,01-03-2020,30-03-2020
302,1,07-04-2020,01-05-2020
303,1,08-03-2020,17-03-2020
304,5,04-04-2020,11-04-2020
305,1,06-03-2020,25-03-2020
306,4,18-03-2020,29-03-2020
307,5,20-02-2020,12-03-2020
308,3,28-02-2020,10-03-2020
309,5,28-02-2020,02-03-2020
310,5,11-03-2020,06-04-2020
311,3,18-02-2020,06-03-2020
312,5,21-02-2020,15-03-2020
313,3,09-04-2020,02-05-2020
314,1,23-02-2020,20-03-2020
315,3,19-02-2020,12-03-2020
316,4,18-03-2020,05-04-2020
317,2,01-03-2020,22-03-2020
318,4,03-03-2020,11-03-2020
319,1,12-02-2020,06-03-2020
320,3,25-02-2020,19-03-2020
321,3,15-03-2020,01-04-2020
322,5,27-02-2020,28-02-2020
323,1,23-03-2020,31-03-2020
324,1,12-03-2020,13-03-2020
325,2,01-04-2020,20-04-2020
326,4,16-03-2020,01-04-2020
327,5,02-03-2020,10-03-2020
328,3,22-02-2020,19-03-2020
329,5,15-03-2020,12-04-2020
330,5,16-03-2020,28-03-2020
331,5,19-02-2020,12-03-2020
332,5,04-03-2020,21-03-2020
333,5,06-03-2020,12-03-2020
334,2,15-03-2020,28-03-2020
335,2,18-02-2020,03-03-2020
336,2,01-03-2020,26-03-2020
337,3,13-03-2020,29-03-2020
338,3,16-03-2020,31-03-2020
339,2,20-02-2020,20-02-2020
340,4,18-02-2020,06-03-2020
341,5,16-03-2020,08-04-2020
342,1,06-03-2020,01-04-2020
343,2,12-03-2020,14-03-2020
344,1,09-03-2020,18-03-2020
345,4,14-02-2020,26-02-2020
346,4,03-04-2020,21-04-2020
347,1,22-02-2020,08-03-2020
348,3,24-02-2020,25-02-2020
349,3,22-02-2020,19-03-2020
350,2,25-02-2020,19-03-2020
351,3,14-02-2020,21-02-2020
352,5,17-03-2020,12-04-2020
353,3,01-03-2020,10-03-2020
354,5,02-04-2020,21-04-2020
355,3,01-04-2020,16-04-2020
356,5,06-03-2020,17-03-2020
357,4,04-03-2020,16-03-2020
358,3,09-03-2020,19-03-2020
359,2,25-02-2020,11-03-2020
360,5,03-02-2020,05-02-2020
361,5,10-03-2020,21-03-2020
362,5,16-03-2020,29-03-2020
363,5,23-02-2020,06-03-2020
364,4,05-03-2020,28-03-2020
365,2,12-03-2020,31-03-2020
366,2,27-03-2020,19-04-2020
367,3,07-03-2020,01-04-2020
368,1,22-03-2020,01-04-2020
369,4,22-02-2020,28-02-2020
370,5,28-03-2020,22-04-2020
371,5,08-03-2020,03-04-2020
372,2,11-02-2020,24-02-2020
373,5,31-03-2020,08-04-2020
374,2,10-02-2020,11-02-2020
375,1,26-02-2020,22-03-2020
376,5,14-02-2020,14-03-2020
377,4,19-03-2020,31-03-2020
378,2,08-03-2020,14-03-2020
379,5,09-03-2020,14-03-2020
380,1,13-03-2020,19-03-2020
381,1,17-02-2020,27-02-2020
382,4,31-01-2020,08-02-2020
383,2,10-04-2020,24-04-2020
384,3,23-02-2020,19-03-2020
385,2,27-03-2020,07-04-2020
386,1,22-03-2020,20-04-2020
387,1,16-02-2020,20-02-2020
388,3,06-03-2020,12-03-2020
389,4,18-02-2020,13-03-2020
390,2,27-02-2020,04-03-2020
391,3,08-03-2020,06-04-2020
392,2,06-02-2020,08-02-2020
393,2,26-02-2020,10-03-2020
394,4,29-03-2020,04-04-2020
395,1,04-03-2020,28-03-2020
396,3,12-03-2020,20-03-2020
397,4,15-02-2020,04-03-2020
398,3,14-02-2020,07-03-2020
399,3,29-02-2020,24-03-2020
400,4,04-02-2020,01-03-2020
401,1,26-01-2020,04-02-2020
402,2,03-03-2020,24-03-2020
403,3,15-03-2020,26-03-2020
404,5,28-01-2020,29-01-2020
405,4,24-02-2020,25-02-2020
406,5,22-02-2020,13-03-2020
407,3,02-03-2020,04-03-2020
408,5,11-03-2020,05-04-2020
409,5,01-04-2020,16-04-2020
410,2,21-02-2020,07-03-2020
411,2,29-03-2020,25-04-2020
412,4,20-02-2020,04-03-2020
413,3,04-03-2020,10-03-2020
414,1,04-02-2020,27-02-2020
415,5,28-02-2020,29-02-2020
416,1,08-03-2020,03-04-2020
417,1,23-01-2020,01-02-2020
418,1,13-02-2020,22-02-2020
419,1,16-02-2020,05-03-2020
420,2,14-03-2020,25-03-2020
421,3,09-02-2020,29-02-2020
422,1,13-03-2020,23-03-2020
423,4,13-02-2020,29-02-2020
424,1,14-03-2020,26-03-2020
425,3,27-02-2020,08-03-2020
426,1,28-03-2020,28-03-2020
427,4,13-03-2020,03-04-2020
428,2,08-03-2020,21-03-2020
429,5,02-03-2020,23-03-2020
430,2,12-02-2020,12-03-2020
431,3,25-02-2020,02-03-2020
432,1,04-02-2020,06-02-2020
433,4,15-03-2020,15-03-2020
434,5,18-02-2020,04-03-2020
435,3,05-02-2020,02-03-2020
436,3,21-02-2020,09-03-2020
437,1,01-03-2020,09-03-2020
438,4,09-03-2020,28-03-2020
439,3,21-03-2020,14-04-2020
440,5,20-02-2020,20-02-2020
441,4,03-03-2020,26-03-2020
442,1,01-04-2020,07-04-2020
443,2,11-03-2020,30-03-2020
444,3,23-02-2020,23-02-2020
445,2,17-03-2020,04-04-2020
446,3,31-03-2020,22-04-2020
447,5,23-01-2020,17-02-2020
448,3,25-03-2020,15-04-2020
449,3,19-02-2020,18-03-2020
450,3,05-03-2020,01-04-2020
451,1,17-03-2020,10-04-2020
452,2,11-02-2020,17-02-2020
453,1,08-03-2020,01-04-2020
454,2,10-03-2020,05-04-2020
455,1,31-01-2020,29-02-2020
456,2,13-02-2020,10-03-2020
457,1,05-03-2020,30-03-2020
458,4,16-02-2020,01-03-2020
459,3,20-02-2020,11-03-2020
460,3,18-02-2020,26-02-2020
461,1,14-02-2020,16-02-2020
462,1,19-03-2020,05-04-2020
463,4,12-03-2020,09-04-2020
464,1,24-03-2020,10-04-2020
465,4,01-03-2020,11-03-2020
466,1,09-02-2020,02-03-2020
467,3,21-02-2020,04-03-2020
468,4,14-02-2020,22-02-2020
469,2,07-03-2020,12-03-2020
470,3,13-02-2020,29-02-2020
471,2,02-03-2020,24-03-2020
472,4,20-03-2020,25-03-2020
473,5,28-02-2020,24-03-2020
474,3,25-02-2020,27-02-2020
475,2,05-02-2020,05-02-2020
476,3,14-03-2020,26-03-2020
477,3,06-02-2020,29-02-2020
478,3,27-02-2020,11-03-2020
479,3,24-02-2020,17-03-2020
480,2,25-03-2020,09-04-2020
481,1,28-02-2020,17-03-2020
482,3,05-03-2020,23-03-2020
483,5,11-03-2020,17-03-2020
484,3,01-03-2020,26-03-2020
485,2,07-03-2020,08-03-2020
486,3,01-02-2020,22-02-2020
487,3,23-02-2020,25-02-2020
488,5,23-02-2020,10-03-2020
489,4,26-02-2020,28-02-2020
490,5,25-02-2020,11-03-2020
491,3,14-03-2020,07-04-2020
492,1,22-02-2020,18-03-2020
493,4,15-02-2020,26-02-2020
494,5,11-03-2020,18-03-2020
495,5,07-03-2020,18-03-2020
496,3,05-02-2020,09-02-2020
497,5,10-04-2020,14-04-2020
498,1,05-03-2020,10-03-2020
499,5,24-01-2020,25-01-2020
500,2,27-02-2020,12-03-2020
1,3,29-01-2020,18-02-2020
2,3,08-03-2020,12-03-2020
3,5,09-04-2020,09-04-2020
4,5,13-03-2020,27-03-2020
5,3,16-02-2020,29-02-2020
6,1,12-04-2020,30-04-2020
7,2,06-03-2020,01-04-2020
8,1,14-03-2020,04-04-2020
9,4,08-03-2020,22-03-2020
10,3,25-02-2020,17-03-2020
11,2,15-03-2020,20-03-2020
12,1,19-02-2020,20-02-2020
13,2,02-03-2020,08-03-2020
14,1,25-02-2020,11-03-2020
15,1,18-03-2020,10-04-2020
16,4,01-04-2020,07-04-2020
17,2,11-03-2020,20-03-2020
18,1,26-03-2020,12-04-2020
19,2,10-03-2020,21-03-2020
20,2,05-04-2020,15-04-2020
21,3,08-03-2020,01-04-2020
22,4,24-03-2020,01-04-2020
23,1,19-04-2020,11-05-2020
24,2,27-04-2020,19-05-2020
25,5,30-03-2020,22-04-2020
26,3,01-04-2020,11-04-2020
27,4,15-03-2020,01-04-2020
28,4,03-03-2020,25-03-2020
29,2,05-03-2020,27-03-2020
30,2,21-04-2020,30-04-2020
31,3,18-03-2020,10-04-2020
32,4,29-02-2020,05-03-2020
33,3,27-04-2020,01-05-2020
34,2,11-03-2020,06-04-2020
35,4,13-04-2020,27-04-2020
36,2,02-04-2020,16-04-2020
37,1,01-03-2020,06-03-2020
38,5,27-02-2020,17-03-2020
39,5,18-03-2020,08-04-2020
40,2,15-03-2020,29-03-2020
41,5,07-04-2020,30-04-2020
42,4,30-03-2020,21-04-2020
43,2,12-03-2020,16-03-2020
44,3,09-04-2020,07-05-2020
45,2,12-04-2020,15-04-2020
46,1,13-04-2020,16-04-2020
47,5,29-02-2020,14-03-2020
48,5,04-03-2020,01-04-2020
49,2,18-02-2020,24-02-2020
50,2,28-03-2020,31-03-2020
51,1,06-03-2020,01-04-2020
52,5,23-03-2020,08-04-2020
53,4,01-03-2020,21-03-2020
54,4,19-04-2020,13-05-2020
55,5,17-03-2020,12-04-2020
56,4,03-03-2020,06-03-2020
57,5,25-03-2020,28-03-2020
58,3,27-02-2020,20-03-2020
59,3,10-03-2020,04-04-2020
60,5,16-02-2020,28-02-2020
61,4,07-03-2020,15-03-2020
62,2,09-04-2020,11-04-2020
63,1,23-03-2020,06-04-2020
64,2,14-03-2020,30-03-2020
65,1,26-04-2020,14-05-2020
66,1,20-04-2020,12-05-2020
67,3,18-03-2020,19-03-2020
68,3,24-04-2020,07-05-2020
69,1,16-03-2020,28-03-2020
70,3,29-02-2020,13-03-2020
71,1,24-03-2020,10-04-2020
72,3,15-03-2020,29-03-2020
73,1,26-03-2020,20-04-2020
74,5,22-03-2020,03-04-2020
75,4,17-03-2020,02-04-2020
76,2,30-03-2020,11-04-2020
77,5,26-03-2020,13-04-2020
78,5,13-04-2020,05-05-2020
79,1,09-03-2020,05-04-2020
80,4,30-04-2020,23-05-2020
81,1,06-04-2020,27-04-2020
82,2,16-03-2020,31-03-2020
83,2,04-03-2020,07-03-2020
84,1,15-03-2020,12-04-2020
85,5,25-03-2020,21-04-2020
86,4,07-03-2020,22-03-2020
87,2,07-03-2020,27-03-2020
88,3,30-03-2020,15-04-2020
89,5,10-03-2020,30-03-2020
90,4,28-03-2020,10-04-2020
91,4,20-03-2020,10-04-2020
92,3,15-03-2020,29-03-2020
93,4,24-03-2020,28-03-2020
94,5,20-03-2020,11-04-2020
95,1,04-03-2020,10-03-2020
96,3,22-03-2020,17-04-2020
97,3,10-03-2020,08-04-2020
98,1,02-03-2020,16-03-2020
99,2,23-03-2020,05-04-2020
100,1,23-02-2020,27-02-2020
101,2,01-03-2020,21-03-2020
102,1,14-03-2020,14-03-2020
103,4,04-04-2020,09-04-2020
104,4,21-03-2020,26-03-2020
105,1,20-02-2020,24-02-2020
106,2,02-05-2020,19-05-2020
107,2,18-04-2020,04-05-2020
108,1,04-03-2020,05-03-2020
109,4,08-03-2020,18-03-2020
110,2,14-02-2020,14-02-2020
111,4,13-04-2020,20-04-2020
112,1,15-03-2020,12-04-2020
113,1,19-04-2020,24-04-2020
114,1,20-02-2020,20-02-2020
115,5,03-05-2020,16-05-2020
116,1,18-03-2020,12-04-2020
117,5,02-04-2020,08-04-2020
118,3,08-03-2020,08-03-2020
119,2,09-04-2020,27-04-2020
120,1,02-04-2020,19-04-2020
121,3,17-02-2020,10-03-2020
122,2,07-03-2020,23-03-2020
123,4,04-04-2020,05-04-2020
124,3,09-03-2020,13-03-2020
125,2,13-03-2020,01-04-2020
126,4,25-03-2020,30-03-2020
127,5,20-03-2020,10-04-2020
128,4,09-04-2020,02-05-2020
129,3,24-04-2020,17-05-2020
130,3,03-03-2020,25-03-2020
131,3,16-03-2020,18-03-2020
132,4,24-02-2020,06-03-2020
133,2,31-03-2020,02-04-2020
134,1,15-03-2020,29-03-2020
135,5,23-03-2020,25-03-2020
136,3,31-03-2020,26-04-2020
137,1,19-02-2020,16-03-2020
138,4,31-03-2020,23-04-2020
139,4,29-02-2020,14-03-2020
140,1,09-04-2020,09-04-2020
141,3,25-03-2020,03-04-2020
142,1,27-02-2020,16-03-2020
143,5,10-04-2020,16-04-2020
144,3,30-03-2020,27-04-2020
145,5,20-03-2020,03-04-2020
146,1,09-04-2020,15-04-2020
147,1,28-04-2020,16-05-2020
148,4,16-02-2020,03-03-2020
149,1,09-03-2020,01-04-2020
150,2,12-03-2020,24-03-2020
151,1,01-03-2020,27-03-2020
152,4,11-03-2020,15-03-2020
153,3,04-04-2020,28-04-2020
154,2,26-03-2020,18-04-2020
155,4,21-04-2020,28-04-2020
156,5,28-03-2020,30-03-2020
157,2,07-03-2020,04-04-2020
158,5,25-02-2020,04-03-2020
159,5,23-04-2020,29-04-2020
160,4,14-03-2020,30-03-2020
161,1,12-02-2020,10-03-2020
162,2,14-02-2020,12-03-2020
163,4,21-02-2020,27-02-2020
164,3,22-03-2020,25-03-2020
165,4,09-03-2020,13-03-2020
166,2,06-04-2020,04-05-2020
167,4,15-03-2020,31-03-2020
168,5,16-04-2020,10-05-2020
169,1,30-03-2020,16-04-2020
170,5,29-02-2020,06-03-2020
171,1,01-04-2020,20-04-2020
172,2,07-04-2020,19-04-2020
173,5,26-03-2020,13-04-2020
174,4,31-03-2020,16-04-2020
175,1,15-04-2020,08-05-2020
176,2,27-04-2020,19-05-2020
177,3,07-03-2020,24-03-2020
178,1,07-05-2020,04-06-2020
179,4,12-03-2020,30-03-2020
180,1,22-02-2020,25-02-2020
181,4,30-03-2020,25-04-2020
182,3,09-03-2020,27-03-2020
183,2,12-04-2020,06-05-2020
184,2,13-03-2020,31-03-2020
185,5,04-04-2020,25-04-2020
186,2,08-03-2020,01-04-2020
187,1,29-03-2020,01-04-2020
188,1,09-03-2020,28-03-2020
189,4,04-02-2020,12-02-2020
190,5,29-03-2020,18-04-2020
191,5,14-03-2020,25-03-2020
192,5,15-03-2020,09-04-2020
193,5,21-03-2020,14-04-2020
194,4,19-04-2020,14-05-2020
195,4,01-03-2020,17-03-2020
196,5,20-03-2020,15-04-2020
197,2,26-03-2020,15-04-2020
198,3,28-03-2020,12-04-2020
199,2,20-03-2020,21-03-2020
200,1,15-04-2020,07-05-2020
201,4,27-02-2020,29-02-2020
202,2,29-02-2020,24-03-2020
203,5,13-03-2020,02-04-2020
204,1,11-03-2020,03-04-2020
205,2,21-02-2020,27-02-2020
206,2,11-02-2020,20-02-2020
207,4,04-03-2020,17-03-2020
208,2,24-02-2020,22-03-2020
209,4,07-03-2020,11-03-2020
210,5,26-02-2020,28-02-2020
211,1,25-03-2020,11-04-2020
212,2,02-04-2020,06-04-2020
213,3,18-03-2020,26-03-2020
214,2,31-01-2020,28-02-2020
215,2,20-04-2020,26-04-2020
216,3,18-03-2020,03-04-2020
217,1,09-03-2020,18-03-2020
218,5,09-04-2020,14-04-2020
219,2,22-03-2020,07-04-2020
220,2,02-04-2020,29-04-2020
221,4,29-03-2020,10-04-2020
222,1,18-03-2020,05-04-2020
223,4,16-03-2020,05-04-2020
224,2,29-03-2020,11-04-2020
225,3,08-04-2020,28-04-2020
226,2,12-03-2020,10-04-2020
227,1,11-02-2020,28-02-2020
228,4,31-03-2020,10-04-2020
229,5,13-03-2020,17-03-2020
230,3,10-04-2020,25-04-2020
231,3,21-03-2020,08-04-2020
232,4,07-03-2020,20-03-2020
233,2,13-03-2020,01-04-2020
234,2,29-02-2020,20-03-2020
235,1,03-03-2020,01-04-2020
236,4,24-03-2020,28-03-2020
237,1,25-02-2020,27-02-2020
238,4,27-02-2020,13-03-2020
239,4,04-03-2020,17-03-2020
240,2,07-04-2020,11-04-2020
241,4,20-02-2020,11-03-2020
242,3,22-03-2020,23-03-2020
243,1,03-02-2020,12-02-2020
244,1,02-04-2020,08-04-2020
245,3,11-04-2020,18-04-2020
246,1,25-04-2020,26-04-2020
247,3,25-02-2020,28-02-2020
248,4,23-03-2020,07-04-2020
249,5,27-03-2020,01-04-2020
250,3,11-03-2020,20-03-2020
251,2,29-02-2020,19-03-2020
252,4,21-03-2020,31-03-2020
253,4,05-05-2020,12-05-2020
254,1,13-02-2020,22-02-2020
255,4,02-04-2020,27-04-2020
256,3,29-03-2020,19-04-2020
257,5,25-04-2020,03-05-2020
258,1,02-04-2020,24-04-2020
259,2,23-02-2020,20-03-2020
260,4,26-03-2020,21-04-2020
261,2,17-04-2020,22-04-2020
262,3,04-03-2020,02-04-2020
263,2,06-03-2020,06-03-2020
264,4,27-03-2020,29-03-2020
265,1,14-03-2020,27-03-2020
266,3,31-03-2020,25-04-2020
267,3,17-03-2020,03-04-2020
268,4,04-03-2020,05-03-2020
269,5,14-03-2020,23-03-2020
270,4,11-03-2020,01-04-2020
271,3,15-02-2020,08-03-2020
272,2,05-02-2020,08-02-2020
273,2,22-03-2020,07-04-2020
274,1,14-03-2020,08-04-2020
275,2,02-03-2020,19-03-2020
276,1,15-02-2020,15-03-2020
277,1,29-03-2020,17-04-2020
278,1,24-03-2020,27-03-2020
279,4,16-03-2020,05-04-2020
280,2,21-03-2020,25-03-2020
281,2,04-03-2020,24-03-2020
282,1,17-03-2020,09-04-2020
283,1,29-03-2020,03-04-2020
284,1,15-05-2020,26-05-2020
285,3,19-04-2020,14-05-2020
286,4,26-03-2020,01-04-2020
287,1,24-03-2020,12-04-2020
288,4,26-02-2020,17-03-2020
289,3,06-04-2020,22-04-2020
290,4,02-03-2020,04-03-2020
291,5,05-04-2020,06-04-2020
292,1,20-03-2020,18-04-2020
293,5,27-03-2020,02-04-2020
294,2,20-03-2020,03-04-2020
295,2,04-03-2020,16-03-2020
296,5,24-01-2020,18-02-2020
297,1,25-03-2020,28-03-2020
298,4,17-04-2020,19-04-2020
299,3,19-03-2020,13-04-2020
300,2,22-04-2020,19-05-2020
301,3,31-03-2020,31-03-2020
302,1,02-05-2020,18-05-2020
303,1,18-03-2020,30-03-2020
304,5,12-04-2020,26-04-2020
305,1,26-03-2020,14-04-2020
306,4,30-03-2020,10-04-2020
307,5,13-03-2020,16-03-2020
308,3,11-03-2020,14-03-2020
309,5,03-03-2020,11-03-2020
310,5,07-04-2020,10-04-2020
311,3,07-03-2020,22-03-2020
312,5,16-03-2020,31-03-2020
313,3,03-05-2020,08-05-2020
314,1,21-03-2020,15-04-2020
315,3,13-03-2020,17-03-2020
316,4,06-04-2020,23-04-2020
317,2,23-03-2020,10-04-2020
318,4,12-03-2020,06-04-2020
319,1,07-03-2020,03-04-2020
320,3,20-03-2020,14-04-2020
321,3,02-04-2020,29-04-2020
322,5,29-02-2020,12-03-2020
323,1,01-04-2020,05-04-2020
324,1,14-03-2020,22-03-2020
325,2,21-04-2020,09-05-2020
326,4,02-04-2020,04-04-2020
327,5,11-03-2020,17-03-2020
328,3,20-03-2020,20-03-2020
329,5,13-04-2020,03-05-2020
330,5,29-03-2020,03-04-2020
331,5,13-03-2020,14-03-2020
332,5,22-03-2020,11-04-2020
333,5,13-03-2020,04-04-2020
334,2,29-03-2020,24-04-2020
335,2,04-03-2020,14-03-2020
336,2,27-03-2020,29-03-2020
337,3,30-03-2020,27-04-2020
338,3,01-04-2020,25-04-2020
339,2,21-02-2020,10-03-2020
340,4,07-03-2020,13-03-2020
341,5,09-04-2020,28-04-2020
342,1,02-04-2020,18-04-2020
343,2,15-03-2020,15-03-2020
344,1,19-03-2020,08-04-2020
345,4,27-02-2020,20-03-2020
346,4,22-04-2020,01-05-2020
347,1,09-03-2020,27-03-2020
348,3,26-02-2020,20-03-2020
349,3,20-03-2020,10-04-2020
350,2,20-03-2020,10-04-2020
351,3,22-02-2020,16-03-2020
352,5,13-04-2020,17-04-2020
353,3,11-03-2020,26-03-2020
354,5,22-04-2020,10-05-2020
355,3,17-04-2020,02-05-2020
356,5,18-03-2020,25-03-2020
357,4,17-03-2020,12-04-2020
358,3,20-03-2020,10-04-2020
359,2,12-03-2020,12-03-2020
360,5,06-02-2020,12-02-2020
361,5,22-03-2020,17-04-2020
362,5,30-03-2020,04-04-2020
363,5,07-03-2020,26-03-2020
364,4,29-03-2020,19-04-2020
365,2,01-04-2020,28-04-2020
366,2,20-04-2020,08-05-2020
367,3,02-04-2020,06-04-2020
368,1,02-04-2020,21-04-2020
369,4,29-02-2020,19-03-2020
370,5,23-04-2020,03-05-2020
371,5,04-04-2020,02-05-2020
372,2,25-02-2020,22-03-2020
373,5,09-04-2020,28-04-2020
374,2,12-02-2020,20-02-2020
375,1,23-03-2020,29-03-2020
376,5,15-03-2020,01-04-2020
377,4,01-04-2020,24-04-2020
378,2,15-03-2020,01-04-2020
379,5,15-03-2020,10-04-2020
380,1,20-03-2020,07-04-2020
381,1,28-02-2020,22-03-2020
382,4,09-02-2020,23-02-2020
383,2,25-04-2020,05-05-2020
384,3,20-03-2020,16-04-2020
385,2,08-04-2020,02-05-2020
386,1,21-04-2020,05-05-2020
387,1,21-02-2020,08-03-2020
388,3,13-03-2020,11-04-2020
389,4,14-03-2020,18-03-2020
390,2,05-03-2020,20-03-2020
391,3,07-04-2020,10-04-2020
392,2,09-02-2020,01-03-2020
393,2,11-03-2020,20-03-2020
394,4,05-04-2020,13-04-2020
395,1,29-03-2020,31-03-2020
396,3,21-03-2020,16-04-2020
397,4,05-03-2020,31-03-2020
398,3,08-03-2020,17-03-2020
399,3,25-03-2020,31-03-2020
400,4,02-03-2020,11-03-2020
401,1,05-02-2020,11-02-2020
402,2,25-03-2020,03-04-2020
403,3,27-03-2020,23-04-2020
404,5,30-01-2020,03-02-2020
405,4,26-02-2020,22-03-2020
406,5,14-03-2020,05-04-2020
407,3,05-03-2020,19-03-2020
408,5,06-04-2020,08-04-2020
409,5,17-04-2020,19-04-2020
410,2,08-03-2020,31-03-2020
411,2,26-04-2020,19-05-2020
412,4,05-03-2020,12-03-2020
413,3,11-03-2020,06-04-2020
414,1,28-02-2020,11-03-2020
415,5,01-03-2020,08-03-2020
416,1,04-04-2020,18-04-2020
417,1,02-02-2020,15-02-2020
418,1,23-02-2020,04-03-2020
419,1,06-03-2020,06-03-2020
420,2,26-03-2020,02-04-2020
421,3,01-03-2020,29-03-2020
422,1,24-03-2020,13-04-2020
423,4,01-03-2020,30-03-2020
424,1,27-03-2020,04-04-2020
425,3,09-03-2020,18-03-2020
426,1,29-03-2020,16-04-2020
427,4,04-04-2020,27-04-2020
428,2,22-03-2020,17-04-2020
429,5,24-03-2020,12-04-2020
430,2,13-03-2020,25-03-2020
431,3,03-03-2020,09-03-2020
432,1,07-02-2020,07-03-2020
433,4,16-03-2020,17-03-2020
434,5,05-03-2020,10-03-2020
435,3,03-03-2020,26-03-2020
436,3,10-03-2020,19-03-2020
437,1,10-03-2020,01-04-2020
438,4,29-03-2020,03-04-2020
439,3,15-04-2020,17-04-2020
440,5,21-02-2020,03-03-2020
441,4,27-03-2020,02-04-2020
442,1,08-04-2020,24-04-2020
443,2,31-03-2020,11-04-2020
444,3,24-02-2020,07-03-2020
445,2,05-04-2020,22-04-2020
446,3,23-04-2020,27-04-2020
447,5,18-02-2020,12-03-2020
448,3,16-04-2020,08-05-2020
449,3,19-03-2020,31-03-2020
450,3,02-04-2020,25-04-2020
451,1,11-04-2020,20-04-2020
452,2,18-02-2020,12-03-2020
453,1,02-04-2020,10-04-2020
454,2,06-04-2020,23-04-2020
455,1,01-03-2020,04-03-2020
456,2,11-03-2020,16-03-2020
457,1,31-03-2020,23-04-2020
458,4,02-03-2020,13-03-2020
459,3,12-03-2020,23-03-2020
460,3,27-02-2020,27-02-2020
461,1,17-02-2020,06-03-2020
462,1,06-04-2020,19-04-2020
463,4,10-04-2020,30-04-2020
464,1,11-04-2020,17-04-2020
465,4,12-03-2020,12-03-2020
466,1,03-03-2020,10-03-2020
467,3,05-03-2020,21-03-2020
468,4,23-02-2020,17-03-2020
469,2,13-03-2020,28-03-2020
470,3,01-03-2020,16-03-2020
471,2,25-03-2020,03-04-2020
472,4,26-03-2020,09-04-2020
473,5,25-03-2020,23-04-2020
474,3,28-02-2020,17-03-2020
475,2,06-02-2020,28-02-2020
476,3,27-03-2020,14-04-2020
477,3,01-03-2020,19-03-2020
478,3,12-03-2020,28-03-2020
479,3,18-03-2020,23-03-2020
480,2,10-04-2020,10-04-2020
481,1,18-03-2020,27-03-2020
482,3,24-03-2020,20-04-2020
483,5,18-03-2020,27-03-2020
484,3,27-03-2020,23-04-2020
485,2,09-03-2020,30-03-2020
486,3,23-02-2020,17-03-2020
487,3,26-02-2020,01-03-2020
488,5,11-03-2020,16-03-2020
489,4,29-02-2020,10-03-2020
490,5,12-03-2020,24-03-2020
491,3,08-04-2020,14-04-2020
492,1,19-03-2020,15-04-2020
493,4,27-02-2020,16-03-2020
494,5,19-03-2020,08-04-2020
495,5,19-03-2020,15-04-2020
496,3,10-02-2020,15-02-2020
497,5,15-04-2020,30-04-2020
498,1,11-03-2020,17-03-2020
499,5,26-01-2020,29-01-2020
500,2,13-03-2020,18-03-2020
1,3,19-02-2020,16-03-2020
2,3,13-03-2020,13-03-2020
3,5,10-04-2020,24-04-2020
4,5,28-03-2020,01-04-2020
5,3,01-03-2020,05-03-2020
6,1,01-05-2020,29-05-2020
7,2,02-04-2020,07-04-2020
8,1,05-04-2020,25-04-2020
9,4,23-03-2020,02-04-2020
10,3,18-03-2020,18-03-2020
11,2,21-03-2020,23-03-2020
12,1,21-02-2020,29-02-2020
13,2,09-03-2020,05-04-2020
14,1,12-03-2020,29-03-2020
15,1,11-04-2020,16-04-2020
16,4,08-04-2020,16-04-2020
17,2,21-03-2020,19-04-2020
18,1,13-04-2020,06-05-2020
19,2,22-03-2020,26-03-2020
20,2,16-04-2020,24-04-2020
21,3,02-04-2020,24-04-2020
22,4,02-04-2020,23-04-2020
23,1,12-05-2020,13-05-2020
24,2,20-05-2020,10-06-2020
25,5,23-04-2020,05-05-2020
26,3,12-04-2020,11-05-2020
27,4,02-04-2020,05-04-2020
28,4,26-03-2020,26-03-2020
29,2,28-03-2020,20-04-2020
30,2,01-05-2020,09-05-2020
31,3,11-04-2020,11-04-2020
32,4,06-03-2020,03-04-2020
33,3,02-05-2020,04-05-2020
34,2,07-04-2020,22-04-2020
35,4,28-04-2020,15-05-2020
36,2,17-04-2020,17-04-2020
37,1,07-03-2020,25-03-2020
38,5,18-03-2020,21-03-2020
39,5,09-04-2020,23-04-2020
40,2,30-03-2020,10-04-2020
41,5,01-05-2020,28-05-2020
42,4,22-04-2020,17-05-2020
43,2,17-03-2020,29-03-2020
44,3,08-05-2020,23-05-2020
45,2,16-04-2020,21-04-2020
46,1,17-04-2020,21-04-2020
47,5,15-03-2020,02-04-2020
48,5,02-04-2020,30-04-2020
49,2,25-02-2020,21-03-2020
50,2,01-04-2020,21-04-2020
51,1,02-04-2020,10-04-2020
52,5,09-04-2020,16-04-2020
53,4,22-03-2020,08-04-2020
54,4,14-05-2020,27-05-2020
55,5,13-04-2020,16-04-2020
56,4,07-03-2020,21-03-2020
57,5,29-03-2020,27-04-2020
58,3,21-03-2020,12-04-2020
59,3,05-04-2020,30-04-2020
60,5,29-02-2020,06-03-2020
61,4,16-03-2020,22-03-2020
62,2,12-04-2020,22-04-2020
63,1,07-04-2020,05-05-2020
64,2,31-03-2020,26-04-2020
65,1,15-05-2020,29-05-2020
66,1,13-05-2020,07-06-2020
67,3,20-03-2020,11-04-2020
68,3,08-05-2020,29-05-2020
69,1,29-03-2020,17-04-2020
70,3,14-03-2020,03-04-2020
71,1,11-04-2020,27-04-2020
72,3,30-03-2020,18-04-2020
73,1,21-04-2020,28-04-2020
74,5,04-04-2020,02-05-2020
75,4,03-04-2020,09-04-2020
76,2,12-04-2020,24-04-2020
77,5,14-04-2020,19-04-2020
78,5,06-05-2020,10-05-2020
79,1,06-04-2020,10-04-2020
80,4,24-05-2020,14-06-2020
81,1,28-04-2020,23-05-2020
82,2,01-04-2020,05-04-2020
83,2,08-03-2020,22-03-2020
84,1,13-04-2020,01-05-2020
85,5,22-04-2020,26-04-2020
86,4,23-03-2020,23-03-2020
87,2,28-03-2020,05-04-2020
88,3,16-04-2020,05-05-2020
89,5,31-03-2020,16-04-2020
90,4,11-04-2020,22-04-2020
91,4,11-04-2020,27-04-2020
92,3,30-03-2020,17-04-2020
93,4,29-03-2020,03-04-2020
94,5,12-04-2020,26-04-2020
95,1,11-03-2020,11-03-2020
96,3,18-04-2020,23-04-2020
97,3,09-04-2020,09-04-2020
98,1,17-03-2020,30-03-2020
99,2,06-04-2020,25-04-2020
100,1,28-02-2020,21-03-2020
101,2,22-03-2020,02-04-2020
102,1,15-03-2020,17-03-2020
103,4,10-04-2020,19-04-2020
104,4,27-03-2020,13-04-2020
105,1,25-02-2020,13-03-2020
106,2,20-05-2020,13-06-2020
107,2,05-05-2020,10-05-2020
108,1,06-03-2020,13-03-2020
109,4,19-03-2020,05-04-2020
110,2,15-02-2020,03-03-2020
111,4,21-04-2020,22-04-2020
112,1,13-04-2020,03-05-2020
113,1,25-04-2020,20-05-2020
114,1,21-02-2020,17-03-2020
115,5,17-05-2020,06-06-2020
116,1,13-04-2020,12-05-2020
117,5,09-04-2020,26-04-2020
118,3,09-03-2020,28-03-2020
119,2,28-04-2020,15-05-2020
120,1,20-04-2020,24-04-2020
121,3,11-03-2020,29-03-2020
122,2,24-03-2020,17-04-2020
123,4,06-04-2020,25-04-2020
124,3,14-03-2020,19-03-2020
125,2,02-04-2020,01-05-2020
126,4,31-03-2020,17-04-2020
127,5,11-04-2020,12-04-2020
128,4,03-05-2020,18-05-2020
129,3,18-05-2020,24-05-2020
130,3,26-03-2020,31-03-2020
131,3,19-03-2020,21-03-2020
132,4,07-03-2020,12-03-2020
133,2,03-04-2020,19-04-2020
134,1,30-03-2020,17-04-2020
135,5,26-03-2020,21-04-2020
136,3,27-04-2020,30-04-2020
137,1,17-03-2020,24-03-2020
138,4,24-04-2020,15-05-2020
139,4,15-03-2020,09-04-2020
140,1,10-04-2020,09-05-2020
141,3,04-04-2020,06-04-2020
142,1,17-03-2020,18-03-2020
143,5,17-04-2020,18-04-2020
144,3,28-04-2020,29-04-2020
145,5,04-04-2020,12-04-2020
146,1,16-04-2020,06-05-2020
147,1,17-05-2020,21-05-2020
148,4,04-03-2020,15-03-2020
149,1,02-04-2020,12-04-2020
150,2,25-03-2020,21-04-2020
151,1,28-03-2020,25-04-2020
152,4,16-03-2020,27-03-2020
153,3,29-04-2020,05-05-2020
154,2,19-04-2020,27-04-2020
155,4,29-04-2020,12-05-2020
156,5,31-03-2020,17-04-2020
157,2,05-04-2020,05-04-2020
158,5,05-03-2020,19-03-2020
159,5,30-04-2020,30-04-2020
160,4,31-03-2020,16-04-2020
161,1,11-03-2020,16-03-2020
162,2,13-03-2020,31-03-2020
163,4,28-02-2020,01-03-2020
164,3,26-03-2020,15-04-2020
165,4,14-03-2020,05-04-2020
166,2,05-05-2020,30-05-2020
167,4,01-04-2020,24-04-2020
168,5,11-05-2020,30-05-2020
169,1,17-04-2020,28-04-2020
170,5,07-03-2020,12-03-2020
171,1,21-04-2020,11-05-2020
172,2,20-04-2020,13-05-2020
173,5,14-04-2020,27-04-2020
174,4,17-04-2020,06-05-2020
175,1,09-05-2020,27-05-2020
176,2,20-05-2020,22-05-2020
177,3,25-03-2020,27-03-2020
178,1,05-06-2020,02-07-2020
179,4,31-03-2020,27-04-2020
180,1,26-02-2020,27-02-2020
181,4,26-04-2020,21-05-2020
182,3,28-03-2020,17-04-2020
183,2,07-05-2020,12-05-2020
184,2,01-04-2020,17-04-2020
185,5,26-04-2020,12-05-2020
186,2,02-04-2020,16-04-2020
187,1,02-04-2020,22-04-2020
188,1,29-03-2020,07-04-2020
189,4,13-02-2020,23-02-2020
190,5,19-04-2020,23-04-2020
191,5,26-03-2020,22-04-2020
192,5,10-04-2020,28-04-2020
193,5,15-04-2020,19-04-2020
194,4,15-05-2020,22-05-2020
195,4,18-03-2020,15-04-2020
196,5,16-04-2020,16-04-2020
197,2,16-04-2020,28-04-2020
198,3,13-04-2020,15-04-2020
199,2,22-03-2020,10-04-2020
200,1,08-05-2020,13-05-2020
201,4,01-03-2020,13-03-2020
202,2,25-03-2020,13-04-2020
203,5,03-04-2020,30-04-2020
204,1,04-04-2020,21-04-2020
205,2,28-02-2020,14-03-2020
206,2,21-02-2020,10-03-2020
207,4,18-03-2020,27-03-2020
208,2,23-03-2020,10-04-2020
209,4,12-03-2020,28-03-2020
210,5,29-02-2020,22-03-2020
211,1,12-04-2020,05-05-2020
212,2,07-04-2020,17-04-2020
213,3,27-03-2020,05-04-2020
214,2,29-02-2020,08-03-2020
215,2,27-04-2020,05-05-2020
216,3,04-04-2020,16-04-2020
217,1,19-03-2020,09-04-2020
218,5,15-04-2020,09-05-2020
219,2,08-04-2020,13-04-2020
220,2,30-04-2020,28-05-2020
221,4,11-04-2020,24-04-2020
222,1,06-04-2020,08-04-2020
223,4,06-04-2020,03-05-2020
224,2,12-04-2020,30-04-2020
225,3,29-04-2020,27-05-2020
226,2,11-04-2020,18-04-2020
227,1,29-02-2020,29-03-2020
228,4,11-04-2020,26-04-2020
229,5,18-03-2020,07-04-2020
230,3,26-04-2020,27-04-2020
231,3,09-04-2020,13-04-2020
232,4,21-03-2020,02-04-2020
233,2,02-04-2020,08-04-2020
234,2,21-03-2020,01-04-2020
235,1,02-04-2020,27-04-2020
236,4,29-03-2020,27-04-2020
237,1,28-02-2020,13-03-2020
238,4,14-03-2020,25-03-2020
239,4,18-03-2020,04-04-2020
240,2,12-04-2020,25-04-2020
241,4,12-03-2020,06-04-2020
242,3,24-03-2020,25-03-2020
243,1,13-02-2020,23-02-2020
244,1,09-04-2020,10-04-2020
245,3,19-04-2020,21-04-2020
246,1,27-04-2020,28-04-2020
247,3,29-02-2020,23-03-2020
248,4,08-04-2020,09-04-2020
249,5,02-04-2020,27-04-2020
250,3,21-03-2020,21-03-2020
251,2,20-03-2020,07-04-2020
252,4,01-04-2020,23-04-2020
253,4,13-05-2020,10-06-2020
254,1,23-02-2020,28-02-2020
255,4,28-04-2020,09-05-2020
256,3,20-04-2020,27-04-2020
257,5,04-05-2020,01-06-2020
258,1,25-04-2020,06-05-2020
259,2,21-03-2020,17-04-2020
260,4,22-04-2020,19-05-2020
261,2,23-04-2020,18-05-2020
262,3,03-04-2020,09-04-2020
263,2,07-03-2020,04-04-2020
264,4,30-03-2020,09-04-2020
265,1,28-03-2020,28-03-2020
266,3,26-04-2020,20-05-2020
267,3,04-04-2020,15-04-2020
268,4,06-03-2020,20-03-2020
269,5,24-03-2020,11-04-2020
270,4,02-04-2020,09-04-2020
271,3,09-03-2020,24-03-2020
272,2,09-02-2020,16-02-2020
273,2,08-04-2020,11-04-2020
274,1,09-04-2020,22-04-2020
275,2,20-03-2020,28-03-2020
276,1,16-03-2020,06-04-2020
277,1,18-04-2020,13-05-2020
278,1,28-03-2020,20-04-2020
279,4,06-04-2020,24-04-2020
280,2,26-03-2020,26-03-2020
281,2,25-03-2020,09-04-2020
282,1,10-04-2020,09-05-2020
283,1,04-04-2020,28-04-2020
284,1,27-05-2020,04-06-2020
285,3,15-05-2020,21-05-2020
286,4,02-04-2020,19-04-2020
287,1,13-04-2020,04-05-2020
288,4,18-03-2020,29-03-2020
289,3,23-04-2020,30-04-2020
290,4,05-03-2020,05-03-2020
291,5,07-04-2020,06-05-2020
292,1,19-04-2020,07-05-2020
293,5,03-04-2020,22-04-2020
294,2,04-04-2020,28-04-2020
295,2,17-03-2020,22-03-2020
296,5,19-02-2020,18-03-2020
297,1,29-03-2020,04-04-2020
298,4,20-04-2020,14-05-2020
299,3,14-04-2020,09-05-2020
300,2,20-05-2020,13-06-2020
301,3,01-04-2020,04-04-2020
302,1,19-05-2020,05-06-2020
303,1,31-03-2020,07-04-2020
304,5,27-04-2020,13-05-2020
305,1,15-04-2020,05-05-2020
306,4,11-04-2020,23-04-2020
307,5,17-03-2020,15-04-2020
308,3,15-03-2020,29-03-2020
309,5,12-03-2020,24-03-2020
310,5,11-04-2020,04-05-2020
311,3,23-03-2020,23-03-2020
312,5,01-04-2020,23-04-2020
313,3,09-05-2020,10-05-2020
314,1,16-04-2020,11-05-2020
315,3,18-03-2020,20-03-2020
316,4,24-04-2020,10-05-2020
317,2,11-04-2020,24-04-2020
318,4,07-04-2020,06-05-2020
319,1,04-04-2020,06-04-2020
320,3,15-04-2020,09-05-2020
321,3,30-04-2020,27-05-2020
322,5,13-03-2020,30-03-2020
323,1,06-04-2020,11-04-2020
324,1,23-03-2020,13-04-2020
325,2,10-05-2020,25-05-2020
326,4,05-04-2020,20-04-2020
327,5,18-03-2020,20-03-2020
328,3,21-03-2020,29-03-2020
329,5,04-05-2020,23-05-2020
330,5,04-04-2020,21-04-2020
331,5,15-03-2020,11-04-2020
332,5,12-04-2020,01-05-2020
333,5,05-04-2020,05-04-2020
334,2,25-04-2020,24-05-2020
335,2,15-03-2020,18-03-2020
336,2,30-03-2020,02-04-2020
337,3,28-04-2020,17-05-2020
338,3,26-04-2020,28-04-2020
339,2,11-03-2020,21-03-2020
340,4,14-03-2020,14-03-2020
341,5,29-04-2020,16-05-2020
342,1,19-04-2020,20-04-2020
343,2,16-03-2020,11-04-2020
344,1,09-04-2020,13-04-2020
345,4,21-03-2020,07-04-2020
346,4,02-05-2020,10-05-2020
347,1,28-03-2020,20-04-2020
348,3,21-03-2020,31-03-2020
349,3,11-04-2020,02-05-2020
350,2,11-04-2020,14-04-2020
351,3,17-03-2020,25-03-2020
352,5,18-04-2020,21-04-2020
353,3,27-03-2020,20-04-2020
354,5,11-05-2020,18-05-2020
355,3,03-05-2020,22-05-2020
356,5,26-03-2020,22-04-2020
357,4,13-04-2020,10-05-2020
358,3,11-04-2020,17-04-2020
359,2,13-03-2020,03-04-2020
360,5,13-02-2020,28-02-2020
361,5,18-04-2020,17-05-2020
362,5,05-04-2020,16-04-2020
363,5,27-03-2020,24-04-2020
364,4,20-04-2020,01-05-2020
365,2,29-04-2020,23-05-2020
366,2,09-05-2020,16-05-2020
367,3,07-04-2020,24-04-2020
368,1,22-04-2020,04-05-2020
369,4,20-03-2020,02-04-2020
370,5,04-05-2020,21-05-2020
371,5,03-05-2020,30-05-2020
372,2,23-03-2020,11-04-2020
373,5,29-04-2020,09-05-2020
374,2,21-02-2020,11-03-2020
375,1,30-03-2020,01-04-2020
376,5,02-04-2020,15-04-2020
377,4,25-04-2020,25-04-2020
378,2,02-04-2020,02-04-2020
379,5,11-04-2020,22-04-2020
380,1,08-04-2020,25-04-2020
381,1,23-03-2020,14-04-2020
382,4,24-02-2020,08-03-2020
383,2,06-05-2020,15-05-2020
384,3,17-04-2020,13-05-2020
385,2,03-05-2020,12-05-2020
386,1,06-05-2020,29-05-2020
387,1,09-03-2020,21-03-2020
388,3,12-04-2020,18-04-2020
389,4,19-03-2020,31-03-2020
390,2,21-03-2020,21-03-2020
391,3,11-04-2020,19-04-2020
392,2,02-03-2020,23-03-2020
393,2,21-03-2020,03-04-2020
394,4,14-04-2020,12-05-2020
395,1,01-04-2020,14-04-2020
396,3,17-04-2020,01-05-2020
397,4,01-04-2020,25-04-2020
398,3,18-03-2020,10-04-2020
399,3,01-04-2020,02-04-2020
400,4,12-03-2020,28-03-2020
401,1,12-02-2020,18-02-2020
402,2,04-04-2020,19-04-2020
403,3,24-04-2020,29-04-2020
404,5,04-02-2020,04-02-2020
405,4,23-03-2020,30-03-2020
406,5,06-04-2020,17-04-2020
407,3,20-03-2020,31-03-2020
408,5,09-04-2020,20-04-2020
409,5,20-04-2020,30-04-2020
410,2,01-04-2020,25-04-2020
411,2,20-05-2020,01-06-2020
412,4,13-03-2020,20-03-2020
413,3,07-04-2020,13-04-2020
414,1,12-03-2020,17-03-2020
415,5,09-03-2020,01-04-2020
416,1,19-04-2020,26-04-2020
417,1,16-02-2020,28-02-2020
418,1,05-03-2020,22-03-2020
419,1,07-03-2020,14-03-2020
420,2,03-04-2020,30-04-2020
421,3,30-03-2020,14-04-2020
422,1,14-04-2020,03-05-2020
423,4,31-03-2020,09-04-2020
424,1,05-04-2020,17-04-2020
425,3,19-03-2020,10-04-2020
426,1,17-04-2020,11-05-2020
427,4,28-04-2020,25-05-2020
428,2,18-04-2020,08-05-2020
429,5,13-04-2020,17-04-2020
430,2,26-03-2020,31-03-2020
431,3,10-03-2020,08-04-2020
432,1,08-03-2020,14-03-2020
433,4,18-03-2020,02-04-2020
434,5,11-03-2020,03-04-2020
435,3,27-03-2020,31-03-2020
436,3,20-03-2020,06-04-2020
437,1,02-04-2020,05-04-2020
438,4,04-04-2020,24-04-2020
439,3,18-04-2020,26-04-2020
440,5,04-03-2020,17-03-2020
441,4,03-04-2020,12-04-2020
442,1,25-04-2020,08-05-2020
443,2,12-04-2020,14-04-2020
444,3,08-03-2020,18-03-2020
445,2,23-04-2020,29-04-2020
446,3,28-04-2020,13-05-2020
447,5,13-03-2020,01-04-2020
448,3,09-05-2020,19-05-2020
449,3,01-04-2020,10-04-2020
450,3,26-04-2020,04-05-2020
451,1,21-04-2020,25-04-2020
452,2,13-03-2020,18-03-2020
453,1,11-04-2020,11-04-2020
454,2,24-04-2020,21-05-2020
455,1,05-03-2020,16-03-2020
456,2,17-03-2020,02-04-2020
457,1,24-04-2020,01-05-2020
458,4,14-03-2020,14-03-2020
459,3,24-03-2020,18-04-2020
460,3,28-02-2020,24-03-2020
461,1,07-03-2020,01-04-2020
462,1,20-04-2020,21-04-2020
463,4,01-05-2020,13-05-2020
464,1,18-04-2020,20-04-2020
465,4,13-03-2020,26-03-2020
466,1,11-03-2020,28-03-2020
467,3,22-03-2020,27-03-2020
468,4,18-03-2020,08-04-2020
469,2,29-03-2020,23-04-2020
470,3,17-03-2020,11-04-2020
471,2,04-04-2020,16-04-2020
472,4,10-04-2020,01-05-2020
473,5,24-04-2020,25-04-2020
474,3,18-03-2020,16-04-2020
475,2,29-02-2020,21-03-2020
476,3,15-04-2020,22-04-2020
477,3,20-03-2020,18-04-2020
478,3,29-03-2020,30-03-2020
479,3,24-03-2020,07-04-2020
480,2,11-04-2020,23-04-2020
481,1,28-03-2020,22-04-2020
482,3,21-04-2020,25-04-2020
483,5,28-03-2020,09-04-2020
484,3,24-04-2020,06-05-2020
485,2,31-03-2020,16-04-2020
486,3,18-03-2020,30-03-2020
487,3,02-03-2020,31-03-2020
488,5,17-03-2020,12-04-2020
489,4,11-03-2020,24-03-2020
490,5,25-03-2020,27-03-2020
491,3,15-04-2020,12-05-2020
492,1,16-04-2020,05-05-2020
493,4,17-03-2020,18-03-2020
494,5,09-04-2020,13-04-2020
495,5,16-04-2020,06-05-2020
496,3,16-02-2020,24-02-2020
497,5,01-05-2020,26-05-2020
498,1,18-03-2020,04-04-2020
499,5,30-01-2020,02-02-2020
500,2,19-03-2020,14-04-2020
1,3,17-03-2020,31-12-9999
2,3,14-03-2020,31-12-9999
3,5,25-04-2020,31-12-9999
4,5,02-04-2020,31-12-9999
5,3,06-03-2020,31-12-9999
6,1,30-05-2020,31-12-9999
7,2,08-04-2020,31-12-9999
8,1,26-04-2020,31-12-9999
9,4,03-04-2020,31-12-9999
10,3,19-03-2020,31-12-9999
11,2,24-03-2020,31-12-9999
12,1,01-03-2020,31-12-9999
13,2,06-04-2020,31-12-9999
14,1,30-03-2020,31-12-9999
15,1,17-04-2020,31-12-9999
16,4,17-04-2020,31-12-9999
17,2,20-04-2020,31-12-9999
18,1,07-05-2020,31-12-9999
19,2,27-03-2020,31-12-9999
20,2,25-04-2020,31-12-9999
21,3,25-04-2020,31-12-9999
22,4,24-04-2020,31-12-9999
23,1,14-05-2020,31-12-9999
24,2,11-06-2020,31-12-9999
25,5,06-05-2020,31-12-9999
26,3,12-05-2020,31-12-9999
27,4,06-04-2020,31-12-9999
28,4,27-03-2020,31-12-9999
29,2,21-04-2020,31-12-9999
30,2,10-05-2020,31-12-9999
31,3,12-04-2020,31-12-9999
32,4,04-04-2020,31-12-9999
33,3,05-05-2020,31-12-9999
34,2,23-04-2020,31-12-9999
35,4,16-05-2020,31-12-9999
36,2,18-04-2020,31-12-9999
37,1,26-03-2020,31-12-9999
38,5,22-03-2020,31-12-9999
39,5,24-04-2020,31-12-9999
40,2,11-04-2020,31-12-9999
41,5,29-05-2020,31-12-9999
42,4,18-05-2020,31-12-9999
43,2,30-03-2020,31-12-9999
44,3,24-05-2020,31-12-9999
45,2,22-04-2020,31-12-9999
46,1,22-04-2020,31-12-9999
47,5,03-04-2020,31-12-9999
48,5,01-05-2020,31-12-9999
49,2,22-03-2020,31-12-9999
50,2,22-04-2020,31-12-9999
51,1,11-04-2020,31-12-9999
52,5,17-04-2020,31-12-9999
53,4,09-04-2020,31-12-9999
54,4,28-05-2020,31-12-9999
55,5,17-04-2020,31-12-9999
56,4,22-03-2020,31-12-9999
57,5,28-04-2020,31-12-9999
58,3,13-04-2020,31-12-9999
59,3,01-05-2020,31-12-9999
60,5,07-03-2020,31-12-9999
61,4,23-03-2020,31-12-9999
62,2,23-04-2020,31-12-9999
63,1,06-05-2020,31-12-9999
64,2,27-04-2020,31-12-9999
65,1,30-05-2020,31-12-9999
66,1,08-06-2020,31-12-9999
67,3,12-04-2020,31-12-9999
68,3,30-05-2020,31-12-9999
69,1,18-04-2020,31-12-9999
70,3,04-04-2020,31-12-9999
71,1,28-04-2020,31-12-9999
72,3,19-04-2020,31-12-9999
73,1,29-04-2020,31-12-9999
74,5,03-05-2020,31-12-9999
75,4,10-04-2020,31-12-9999
76,2,25-04-2020,31-12-9999
77,5,20-04-2020,31-12-9999
78,5,11-05-2020,31-12-9999
79,1,11-04-2020,31-12-9999
80,4,15-06-2020,31-12-9999
81,1,24-05-2020,31-12-9999
82,2,06-04-2020,31-12-9999
83,2,23-03-2020,31-12-9999
84,1,02-05-2020,31-12-9999
85,5,27-04-2020,31-12-9999
86,4,24-03-2020,31-12-9999
87,2,06-04-2020,31-12-9999
88,3,06-05-2020,31-12-9999
89,5,17-04-2020,31-12-9999
90,4,23-04-2020,31-12-9999
91,4,28-04-2020,31-12-9999
92,3,18-04-2020,31-12-9999
93,4,04-04-2020,31-12-9999
94,5,27-04-2020,31-12-9999
95,1,12-03-2020,31-12-9999
96,3,24-04-2020,31-12-9999
97,3,10-04-2020,31-12-9999
98,1,31-03-2020,31-12-9999
99,2,26-04-2020,31-12-9999
100,1,22-03-2020,31-12-9999
101,2,03-04-2020,31-12-9999
102,1,18-03-2020,31-12-9999
103,4,20-04-2020,31-12-9999
104,4,14-04-2020,31-12-9999
105,1,14-03-2020,31-12-9999
106,2,14-06-2020,31-12-9999
107,2,11-05-2020,31-12-9999
108,1,14-03-2020,31-12-9999
109,4,06-04-2020,31-12-9999
110,2,04-03-2020,31-12-9999
111,4,23-04-2020,31-12-9999
112,1,04-05-2020,31-12-9999
113,1,21-05-2020,31-12-9999
114,1,18-03-2020,31-12-9999
115,5,07-06-2020,31-12-9999
116,1,13-05-2020,31-12-9999
117,5,27-04-2020,31-12-9999
118,3,29-03-2020,31-12-9999
119,2,16-05-2020,31-12-9999
120,1,25-04-2020,31-12-9999
121,3,30-03-2020,31-12-9999
122,2,18-04-2020,31-12-9999
123,4,26-04-2020,31-12-9999
124,3,20-03-2020,31-12-9999
125,2,02-05-2020,31-12-9999
126,4,18-04-2020,31-12-9999
127,5,13-04-2020,31-12-9999
128,4,19-05-2020,31-12-9999
129,3,25-05-2020,31-12-9999
130,3,01-04-2020,31-12-9999
131,3,22-03-2020,31-12-9999
132,4,13-03-2020,31-12-9999
133,2,20-04-2020,31-12-9999
134,1,18-04-2020,31-12-9999
135,5,22-04-2020,31-12-9999
136,3,01-05-2020,31-12-9999
137,1,25-03-2020,31-12-9999
138,4,16-05-2020,31-12-9999
139,4,10-04-2020,31-12-9999
140,1,10-05-2020,31-12-9999
141,3,07-04-2020,31-12-9999
142,1,19-03-2020,31-12-9999
143,5,19-04-2020,31-12-9999
144,3,30-04-2020,31-12-9999
145,5,13-04-2020,31-12-9999
146,1,07-05-2020,31-12-9999
147,1,22-05-2020,31-12-9999
148,4,16-03-2020,31-12-9999
149,1,13-04-2020,31-12-9999
150,2,22-04-2020,31-12-9999
151,1,26-04-2020,31-12-9999
152,4,28-03-2020,31-12-9999
153,3,06-05-2020,31-12-9999
154,2,28-04-2020,31-12-9999
155,4,13-05-2020,31-12-9999
156,5,18-04-2020,31-12-9999
157,2,06-04-2020,31-12-9999
158,5,20-03-2020,31-12-9999
159,5,01-05-2020,31-12-9999
160,4,17-04-2020,31-12-9999
161,1,17-03-2020,31-12-9999
162,2,01-04-2020,31-12-9999
163,4,02-03-2020,31-12-9999
164,3,16-04-2020,31-12-9999
165,4,06-04-2020,31-12-9999
166,2,31-05-2020,31-12-9999
167,4,25-04-2020,31-12-9999
168,5,31-05-2020,31-12-9999
169,1,29-04-2020,31-12-9999
170,5,13-03-2020,31-12-9999
171,1,12-05-2020,31-12-9999
172,2,14-05-2020,31-12-9999
173,5,28-04-2020,31-12-9999
174,4,07-05-2020,31-12-9999
175,1,28-05-2020,31-12-9999
176,2,23-05-2020,31-12-9999
177,3,28-03-2020,31-12-9999
178,1,03-07-2020,31-12-9999
179,4,28-04-2020,31-12-9999
180,1,28-02-2020,31-12-9999
181,4,22-05-2020,31-12-9999
182,3,18-04-2020,31-12-9999
183,2,13-05-2020,31-12-9999
184,2,18-04-2020,31-12-9999
185,5,13-05-2020,31-12-9999
186,2,17-04-2020,31-12-9999
187,1,23-04-2020,31-12-9999
188,1,08-04-2020,31-12-9999
189,4,24-02-2020,31-12-9999
190,5,24-04-2020,31-12-9999
191,5,23-04-2020,31-12-9999
192,5,29-04-2020,31-12-9999
193,5,20-04-2020,31-12-9999
194,4,23-05-2020,31-12-9999
195,4,16-04-2020,31-12-9999
196,5,17-04-2020,31-12-9999
197,2,29-04-2020,31-12-9999
198,3,16-04-2020,31-12-9999
199,2,11-04-2020,31-12-9999
200,1,14-05-2020,31-12-9999
201,4,14-03-2020,31-12-9999
202,2,14-04-2020,31-12-9999
203,5,01-05-2020,31-12-9999
204,1,22-04-2020,31-12-9999
205,2,15-03-2020,31-12-9999
206,2,11-03-2020,31-12-9999
207,4,28-03-2020,31-12-9999
208,2,11-04-2020,31-12-9999
209,4,29-03-2020,31-12-9999
210,5,23-03-2020,31-12-9999
211,1,06-05-2020,31-12-9999
212,2,18-04-2020,31-12-9999
213,3,06-04-2020,31-12-9999
214,2,09-03-2020,31-12-9999
215,2,06-05-2020,31-12-9999
216,3,17-04-2020,31-12-9999
217,1,10-04-2020,31-12-9999
218,5,10-05-2020,31-12-9999
219,2,14-04-2020,31-12-9999
220,2,29-05-2020,31-12-9999
221,4,25-04-2020,31-12-9999
222,1,09-04-2020,31-12-9999
223,4,04-05-2020,31-12-9999
224,2,01-05-2020,31-12-9999
225,3,28-05-2020,31-12-9999
226,2,19-04-2020,31-12-9999
227,1,30-03-2020,31-12-9999
228,4,27-04-2020,31-12-9999
229,5,08-04-2020,31-12-9999
230,3,28-04-2020,31-12-9999
231,3,14-04-2020,31-12-9999
232,4,03-04-2020,31-12-9999
233,2,09-04-2020,31-12-9999
234,2,02-04-2020,31-12-9999
235,1,28-04-2020,31-12-9999
236,4,28-04-2020,31-12-9999
237,1,14-03-2020,31-12-9999
238,4,26-03-2020,31-12-9999
239,4,05-04-2020,31-12-9999
240,2,26-04-2020,31-12-9999
241,4,07-04-2020,31-12-9999
242,3,26-03-2020,31-12-9999
243,1,24-02-2020,31-12-9999
244,1,11-04-2020,31-12-9999
245,3,22-04-2020,31-12-9999
246,1,29-04-2020,31-12-9999
247,3,24-03-2020,31-12-9999
248,4,10-04-2020,31-12-9999
249,5,28-04-2020,31-12-9999
250,3,22-03-2020,31-12-9999
251,2,08-04-2020,31-12-9999
252,4,24-04-2020,31-12-9999
253,4,11-06-2020,31-12-9999
254,1,29-02-2020,31-12-9999
255,4,10-05-2020,31-12-9999
256,3,28-04-2020,31-12-9999
257,5,02-06-2020,31-12-9999
258,1,07-05-2020,31-12-9999
259,2,18-04-2020,31-12-9999
260,4,20-05-2020,31-12-9999
261,2,19-05-2020,31-12-9999
262,3,10-04-2020,31-12-9999
263,2,05-04-2020,31-12-9999
264,4,10-04-2020,31-12-9999
265,1,29-03-2020,31-12-9999
266,3,21-05-2020,31-12-9999
267,3,16-04-2020,31-12-9999
268,4,21-03-2020,31-12-9999
269,5,12-04-2020,31-12-9999
270,4,10-04-2020,31-12-9999
271,3,25-03-2020,31-12-9999
272,2,17-02-2020,31-12-9999
273,2,12-04-2020,31-12-9999
274,1,23-04-2020,31-12-9999
275,2,29-03-2020,31-12-9999
276,1,07-04-2020,31-12-9999
277,1,14-05-2020,31-12-9999
278,1,21-04-2020,31-12-9999
279,4,25-04-2020,31-12-9999
280,2,27-03-2020,31-12-9999
281,2,10-04-2020,31-12-9999
282,1,10-05-2020,31-12-9999
283,1,29-04-2020,31-12-9999
284,1,05-06-2020,31-12-9999
285,3,22-05-2020,31-12-9999
286,4,20-04-2020,31-12-9999
287,1,05-05-2020,31-12-9999
288,4,30-03-2020,31-12-9999
289,3,01-05-2020,31-12-9999
290,4,06-03-2020,31-12-9999
291,5,07-05-2020,31-12-9999
292,1,08-05-2020,31-12-9999
293,5,23-04-2020,31-12-9999
294,2,29-04-2020,31-12-9999
295,2,23-03-2020,31-12-9999
296,5,19-03-2020,31-12-9999
297,1,05-04-2020,31-12-9999
298,4,15-05-2020,31-12-9999
299,3,10-05-2020,31-12-9999
300,2,14-06-2020,31-12-9999
301,3,05-04-2020,31-12-9999
302,1,06-06-2020,31-12-9999
303,1,08-04-2020,31-12-9999
304,5,14-05-2020,31-12-9999
305,1,06-05-2020,31-12-9999
306,4,24-04-2020,31-12-9999
307,5,16-04-2020,31-12-9999
308,3,30-03-2020,31-12-9999
309,5,25-03-2020,31-12-9999
310,5,05-05-2020,31-12-9999
311,3,24-03-2020,31-12-9999
312,5,24-04-2020,31-12-9999
313,3,11-05-2020,31-12-9999
314,1,12-05-2020,31-12-9999
315,3,21-03-2020,31-12-9999
316,4,11-05-2020,31-12-9999
317,2,25-04-2020,31-12-9999
318,4,07-05-2020,31-12-9999
319,1,07-04-2020,31-12-9999
320,3,10-05-2020,31-12-9999
321,3,28-05-2020,31-12-9999
322,5,31-03-2020,31-12-9999
323,1,12-04-2020,31-12-9999
324,1,14-04-2020,31-12-9999
325,2,26-05-2020,31-12-9999
326,4,21-04-2020,31-12-9999
327,5,21-03-2020,31-12-9999
328,3,30-03-2020,31-12-9999
329,5,24-05-2020,31-12-9999
330,5,22-04-2020,31-12-9999
331,5,12-04-2020,31-12-9999
332,5,02-05-2020,31-12-9999
333,5,06-04-2020,31-12-9999
334,2,25-05-2020,31-12-9999
335,2,19-03-2020,31-12-9999
336,2,03-04-2020,31-12-9999
337,3,18-05-2020,31-12-9999
338,3,29-04-2020,31-12-9999
339,2,22-03-2020,31-12-9999
340,4,15-03-2020,31-12-9999
341,5,17-05-2020,31-12-9999
342,1,21-04-2020,31-12-9999
343,2,12-04-2020,31-12-9999
344,1,14-04-2020,31-12-9999
345,4,08-04-2020,31-12-9999
346,4,11-05-2020,31-12-9999
347,1,21-04-2020,31-12-9999
348,3,01-04-2020,31-12-9999
349,3,03-05-2020,31-12-9999
350,2,15-04-2020,31-12-9999
351,3,26-03-2020,31-12-9999
352,5,22-04-2020,31-12-9999
353,3,21-04-2020,31-12-9999
354,5,19-05-2020,31-12-9999
355,3,23-05-2020,31-12-9999
356,5,23-04-2020,31-12-9999
357,4,11-05-2020,31-12-9999
358,3,18-04-2020,31-12-9999
359,2,04-04-2020,31-12-9999
360,5,29-02-2020,31-12-9999
361,5,18-05-2020,31-12-9999
362,5,17-04-2020,31-12-9999
363,5,25-04-2020,31-12-9999
364,4,02-05-2020,31-12-9999
365,2,24-05-2020,31-12-9999
366,2,17-05-2020,31-12-9999
367,3,25-04-2020,31-12-9999
368,1,05-05-2020,31-12-9999
369,4,03-04-2020,31-12-9999
370,5,22-05-2020,31-12-9999
371,5,31-05-2020,31-12-9999
372,2,12-04-2020,31-12-9999
373,5,10-05-2020,31-12-9999
374,2,12-03-2020,31-12-9999
375,1,02-04-2020,31-12-9999
376,5,16-04-2020,31-12-9999
377,4,26-04-2020,31-12-9999
378,2,03-04-2020,31-12-9999
379,5,23-04-2020,31-12-9999
380,1,26-04-2020,31-12-9999
381,1,15-04-2020,31-12-9999
382,4,09-03-2020,31-12-9999
383,2,16-05-2020,31-12-9999
384,3,14-05-2020,31-12-9999
385,2,13-05-2020,31-12-9999
386,1,30-05-2020,31-12-9999
387,1,22-03-2020,31-12-9999
388,3,19-04-2020,31-12-9999
389,4,01-04-2020,31-12-9999
390,2,22-03-2020,31-12-9999
391,3,20-04-2020,31-12-9999
392,2,24-03-2020,31-12-9999
393,2,04-04-2020,31-12-9999
394,4,13-05-2020,31-12-9999
395,1,15-04-2020,31-12-9999
396,3,02-05-2020,31-12-9999
397,4,26-04-2020,31-12-9999
398,3,11-04-2020,31-12-9999
399,3,03-04-2020,31-12-9999
400,4,29-03-2020,31-12-9999
401,1,19-02-2020,31-12-9999
402,2,20-04-2020,31-12-9999
403,3,30-04-2020,31-12-9999
404,5,05-02-2020,31-12-9999
405,4,31-03-2020,31-12-9999
406,5,18-04-2020,31-12-9999
407,3,01-04-2020,31-12-9999
408,5,21-04-2020,31-12-9999
409,5,01-05-2020,31-12-9999
410,2,26-04-2020,31-12-9999
411,2,02-06-2020,31-12-9999
412,4,21-03-2020,31-12-9999
413,3,14-04-2020,31-12-9999
414,1,18-03-2020,31-12-9999
415,5,02-04-2020,31-12-9999
416,1,27-04-2020,31-12-9999
417,1,29-02-2020,31-12-9999
418,1,23-03-2020,31-12-9999
419,1,15-03-2020,31-12-9999
420,2,01-05-2020,31-12-9999
421,3,15-04-2020,31-12-9999
422,1,04-05-2020,31-12-9999
423,4,10-04-2020,31-12-9999
424,1,18-04-2020,31-12-9999
425,3,11-04-2020,31-12-9999
426,1,12-05-2020,31-12-9999
427,4,26-05-2020,31-12-9999
428,2,09-05-2020,31-12-9999
429,5,18-04-2020,31-12-9999
430,2,01-04-2020,31-12-9999
431,3,09-04-2020,31-12-9999
432,1,15-03-2020,31-12-9999
433,4,03-04-2020,31-12-9999
434,5,04-04-2020,31-12-9999
435,3,01-04-2020,31-12-9999
436,3,07-04-2020,31-12-9999
437,1,06-04-2020,31-12-9999
438,4,25-04-2020,31-12-9999
439,3,27-04-2020,31-12-9999
440,5,18-03-2020,31-12-9999
441,4,13-04-2020,31-12-9999
442,1,09-05-2020,31-12-9999
443,2,15-04-2020,31-12-9999
444,3,19-03-2020,31-12-9999
445,2,30-04-2020,31-12-9999
446,3,14-05-2020,31-12-9999
447,5,02-04-2020,31-12-9999
448,3,20-05-2020,31-12-9999
449,3,11-04-2020,31-12-9999
450,3,05-05-2020,31-12-9999
451,1,26-04-2020,31-12-9999
452,2,19-03-2020,31-12-9999
453,1,12-04-2020,31-12-9999
454,2,22-05-2020,31-12-9999
455,1,17-03-2020,31-12-9999
456,2,03-04-2020,31-12-9999
457,1,02-05-2020,31-12-9999
458,4,15-03-2020,31-12-9999
459,3,19-04-2020,31-12-9999
460,3,25-03-2020,31-12-9999
461,1,02-04-2020,31-12-9999
462,1,22-04-2020,31-12-9999
463,4,14-05-2020,31-12-9999
464,1,21-04-2020,31-12-9999
465,4,27-03-2020,31-12-9999
466,1,29-03-2020,31-12-9999
467,3,28-03-2020,31-12-9999
468,4,09-04-2020,31-12-9999
469,2,24-04-2020,31-12-9999
470,3,12-04-2020,31-12-9999
471,2,17-04-2020,31-12-9999
472,4,02-05-2020,31-12-9999
473,5,26-04-2020,31-12-9999
474,3,17-04-2020,31-12-9999
475,2,22-03-2020,31-12-9999
476,3,23-04-2020,31-12-9999
477,3,19-04-2020,31-12-9999
478,3,31-03-2020,31-12-9999
479,3,08-04-2020,31-12-9999
480,2,24-04-2020,31-12-9999
481,1,23-04-2020,31-12-9999
482,3,26-04-2020,31-12-9999
483,5,10-04-2020,31-12-9999
484,3,07-05-2020,31-12-9999
485,2,17-04-2020,31-12-9999
486,3,31-03-2020,31-12-9999
487,3,01-04-2020,31-12-9999
488,5,13-04-2020,31-12-9999
489,4,25-03-2020,31-12-9999
490,5,28-03-2020,31-12-9999
491,3,13-05-2020,31-12-9999
492,1,06-05-2020,31-12-9999
493,4,19-03-2020,31-12-9999
494,5,14-04-2020,31-12-9999
495,5,07-05-2020,31-12-9999
496,3,25-02-2020,31-12-9999
497,5,27-05-2020,31-12-9999
498,1,05-04-2020,31-12-9999
499,5,03-02-2020,31-12-9999
500,2,15-04-2020,31-12-9999
